tweet_id	user_id	text	created_at	is_flu_test_rgx	pred_label
1855019055297781893	1284228399150575617	"Well started off the week thinking I had a virus, Dr was also convinced it was a virus. She had me get a COVID and flu test ""just to be safe"" ... next day test results show I  have COVID for a 2nd time. This time was 10X worse than the first, but still not as bad as others had it"	11/8/24 22:46	FALSE	Negative
1864663210428653893	1440025905141882890	@ChisholmChet @Vets4FreeCanada @TheTorontoSun @PeterRMacIsaac Nurses said the same thing. We seen it in late October.  All flu tests were negative.	12/5/24 13:28	TRUE	Negative
1859662029004603810	1771533288160837632	"@LucidTrading_ @elonmusk OP is a retarded ass, weak beta test tube baby. Never took the shot, never had Convoluted -19 or a cold/flu in years. It's amazing what a healthy diet with exercise can do to make the body more resilient 🤣 But no, TrUsT dA sCiEnCe"	11/21/24 18:15	FALSE	Negative
1856426146931384632	910675036385824769	"Trip to urgent care today. Tested negative for flu, Covid, strep throat, etc. Thankfully just an upper respiratory infection. 🤧"	11/12/24 19:57	TRUE	Negative
1859795484417851408	1081665278562320384	@DrKellyVictory tests were 🐂💩🐂💩... 0%flu and pneumonia ... why test with a ridiculous test that wasn't even an isolated virus?	11/22/24 3:06	FALSE	Negative
1861565806037082285	1177746348914835459	ปีนี้ URI มาแนวไข้ไม่สูง แต่ไอเยอะ ไอนาน เสียงแหบเยอะ swab flu/COVID neg ไอเป็นสัปดาห์ๆ เยอะมาก เจอเกือบทุกคน (เพื่อนคนนึงไป swab เจอ rhino/entero)ถ้า pnuemonia ปีนี้ก็คือ mycoplasma ไปเลย skin lesion สวยๆไอโค่กๆ หรือ severe pneumonia ใส่ ETTขอบคุณที่ปีนี้ dengue ไม่ดุมาก	11/27/24 0:20	FALSE	Negative
1856442795017335098	1298391763904802817	"@MAGAResource @TrumpDailyPosts Me, tested positive once, no symptoms, 64 F, workout, active, healthy weight, have never had more than a 24 hour cold in the last 15 years, never had the flu, felt zero need to risk the shot. Husband had to take one J&amp;J to travel overseas"	11/12/24 21:03	FALSE	Negative
1861276346674205055	1157340123018776576	"i’m negative for covid, strep, or even the flu, so maybe it was a one off thing????"	11/26/24 5:10	FALSE	Negative
1859314467265540283	1587347953865445376	"@iAnonPatriot 0 that I know of. I did have a bad flu one year, but I believe the test came back negative.So 0 or 1 times."	11/20/24 19:14	FALSE	Negative
1857013026488017201	3226629523	"@rikibowler Ooh I had my 2nd one 6 weeks ago. Ended up with the worst flu that never tested as a flu (or covid, or anything else) I’ve ever had. Hopefully you don’t get that. Mine came on about two days after."	11/14/24 10:49	FALSE	Negative
1853585370018910279	1890663318	"@kingsdisguise I’m so happy I tested beforehand. Definitely wasn’t 100% but no covid, flu, etc."	11/4/24 23:49	FALSE	Negative
1859559195915301279	1815200315999739904	"@MTGrepp Never had covid, never vaxxed, never masked, never tested, and never had the flu. Only medical issues were tonsils, 3 kids and I broke my leg. I don't go to the Dr. And I'm on no prescription drugs. My leg Dr couldn't get over how healthy I am."	11/21/24 11:27	FALSE	Negative
1859960285127491607	1682457299695333377	"apparently, it isn't influenza. or i have a secondary infection.the swab test from this afternoon shows that i am RSV positive.I'm so glad i decided to go to the hospital and insisted to be admitted instead of being discharged with just antibiotics without any blood work or… https://t.co/RkLhGBVztb"	11/22/24 14:01	FALSE	Negative
1862794017076863443	1703199355736330240	"@Gray_Wolf_45 At 74, I agree. I have never taken the flu shot and never tested positive for the flu. Further, I don’t take any of the other “vaccines” either (Covid, pneumonia, shingles, etc) and have never tested positive for any of them. No mandates, let the We The People decide!"	11/30/24 9:41	TRUE	Negative
1862622342687453443	1341843540788326410	"@Kamifaine I originally went to an urgent care. They swabbed me for flu, Covid, RSV and all came back negative so they started me on ABX. I’m on amoxicillin it might not be working for whatever bacteria i got…😭😭 but they didn’t do a culture so idk what bacteria it is!"	11/29/24 22:19	TRUE	Negative
1854923355876442197	1720184270956740608	"there is something going around. myself and so many people I know have been sick with SOMETHING. testing neg for covid, flu, RSV, strep... way worse than a cold, a stomach bug, sinus or respiratory infection. what is going on :("	11/8/24 16:26	FALSE	Negative
1856340632622522470	3071537986	"@TriciaHouse82 @iAnonPatriot When I went to urgent care in January of this year, they tested me for Covid and flu and all that and didn’t find anything. They told me to go to the ER and I didn’t and got admitted because I couldn’t breathe. So they found I had pneumonia and sepsis. The sepsis was staph and… https://t.co/ajNdv3OZRe"	11/12/24 14:17	FALSE	Negative
1859327486749745470	31374301	@iAnonPatriot I've never had a positive test but I'm pretty sure I had it once as it was shortly after my wife had a positive test (also unvaccinated of course) but the test came up negative.It was quite a bad flu for two days and then it all went away fast.	11/20/24 20:06	FALSE	Negative
1853983109391479144	125292562	"@Mark_Ungrin My  mycoplasma pneumonia story Jan 2024. Tested - for strep, flu, rsv and cv 2x. 3 weeks of Rx for cough and antibiotics no improvement;  chest xray and culture showed MP, so 2 new antibiotics. Only felt better after steroids. There is No vax for MP (I had vax for pneumococcal P)"	11/6/24 2:09	FALSE	Negative
1862740526509719910	5417322	For anyone wondering I have been tested for COVID and flu multiple times this week including PCR and it has been negative every time	11/30/24 6:08	FALSE	Negative
1854363229591413142	1573766634812182530	"anyways, go get tested if youre feeling sick. just bc i dont have the flu/covid doesnt mean you dont."	11/7/24 3:20	FALSE	Negative
1852546927281185045	25685954	"@brailemom Yes, negative for Covid, Flu, RSV"	11/2/24 3:03	FALSE	Negative
1859671644194935045	814461304064921600	"@MTGrepp @liz_churchill10 Never had the flu, and I never had a flu shot. When the H1N1 was a thing, I cared for my daughter and husband.I got seriously ill with an oxygen level of 88 &amp; fever  they did a flu test, which wasn't the flu it was double bacteria pneumonia."	11/21/24 18:54	TRUE	Negative
1859589869707690484	4107835813	I'm sick and it feels almost as bad as right before COVID hit. Tested negative for COVID and flu A &amp; B. I barely left my apartment the last week.	11/21/24 13:29	FALSE	Negative
1859321122279276723	1629153051767369732	"@AngelaBelcamino I had only gotten the J&amp;J 1 shot vax and I have never tested positive for COVID either before or after it. I have probably gotten COVID numerous times along with colds and maybe even a flu, also nothing I had a positive test for. So, what exactly do the tests actually test for?"	11/20/24 19:41	FALSE	Negative
1858263094230958298	1598434032840220677	"@9mm_smg I hadn't had any more than a cold until 01/19. Something hit me hard. Fever, sore throat, and lungs felt terrible. Went to doctors and tested negative for flu and strept. Coughed up fluid for the next couple of months. Never tested for covid, never vaxed."	11/17/24 21:37	TRUE	Negative
1858687004743266820	1832309568606760962	"@TheRISEofROD Only one in my family that isn't and only one that hasn't had COVID, majority have had the flu like symptoms and tested positive after Vax... The science is still real though, in their minds 😂"	11/19/24 1:41	FALSE	Negative
1864511831026618865	223398907	"Dont know la what happened before that, last weekend i was just fine. Doctor checked for influenza and covid both negative. Suspected for bacterial infection."	12/5/24 3:27	FALSE	Negative
1853507371647254853	878233452230787072	"btw kena marah dengan doctor tadi skjdjdbshaj. ‘mata awak merah teruk dua dua ni patutnya awak covid or influenza, tapi result awak negative dua dua ni macam mana ni???!!!’ mana la saya tahu doc…………ceb baik dapat mc muah dokterrrrr"	11/4/24 18:39	FALSE	Negative
1857986806869897630	125292562	"@wrath_776 I had mycoplasma pneumonia in January 2024. I tested negative for Covid , flu, rsv and strep twice before a culture and chest xray identified MP.  Yes there is a specific pathogen involved in MP. What does this have to do with Covid denial?"	11/17/24 3:19	FALSE	Negative
1859490500513820721	3033630191	"@MarkLevineNYC Mark, 64 year old healthy active adult running temperature over 102 for 5 days tested negative for flu Covid RSV"	11/21/24 6:54	TRUE	Negative
1852455427725742531	203386661	"@grizzlybizzly Severe sunburn sensation on most all of left arm, upper back, sides of breasts, and right calf. No new shower products. No illness (neg flu &amp; covid). Negative for lyme and shingles. No sun exposure. No trauma. No rash. No redness."	11/1/24 20:59	FALSE	Negative
1859247952851558682	3045026937	"@iAnonPatriot Two times, I believe, though tested negative.  Like a strange rough flu, with chest pain.   Not like typical flu.  Lasted just over 2 weeks, taking all the holistic stuff like blackseed oil, quercetin, VIT D, C, etc.  Im over 55 and survived both times with no medical interv."	11/20/24 14:50	FALSE	Negative
1861075639874322682	1413176324194193408	@Censored4sure One jab.  Really bad cold…..tested negative for Covid; pneumonia; flu.   Soooo many people on planes coughing.	11/25/24 15:53	FALSE	Negative
1853299169407967623	3886686432	@SaraHaboubi1 I caught Covid in December of 2019 before it actually became a thing! I knew it was similar to the flu but was negative for flu. Was pretty rough for a couple of days but I’m in pretty good shape so not too bad. I refused the vaccine. I rarely get sick so just didn’t worry	11/4/24 4:52	TRUE	Negative
1859954250383786131	1823093929753153537	@DrKellyVictory I’ve never tested and never had their flu	11/22/24 13:37	FALSE	Negative
1863640057992659131	748576789304250368	"Covid, flu, and strep test came back negative so I just have a common cold, that hit me hard, it seems."	12/2/24 17:43	TRUE	Negative
1862866308422947131	322841839	"Good morning, friends. Would y'all please throw up a prayer for me this morning?  I've been sick since Monday. I tested negative for Covid and flu so that's good, but I can't seem to shake whatever this is. Doc said it's viral so it can't be treated with antibiotics. 😔"	11/30/24 14:28	FALSE	Negative
1864547482291851410	149019608	"We’ve tested negative for covid and influenza. It started since Saturday eve, with an extremely sore throat. That night, the bodyaches went on the whole night. Next day, horrible coughs started. And the symptoms got worse. Temp on and off."	12/5/24 5:48	FALSE	Negative
1857632011768267155	1213912881172897792	@ForgiatoBlow47 Nope. No tests either. I don't get the flu shot either and I don't get the flu.	11/16/24 3:49	FALSE	Negative
1855608459724836940	1593770989640241152	"@davidicke No Mask, No Swabs, No Jabs, No flues or illness. CA Kaiser cancelled my lumbar spine surgery in July 2023 because I would not agree to Nasal Swabbing even though I provided a negative PCR saliva test and had No flu symptoms. Why is that?"	11/10/24 13:48	FALSE	Negative
1862509852733341940	1324102519514124292	"@BubblesInTank @thostens1 @TheChiefNerd I quit getting the flu shot once I was classified as a remote employee in 2020.From 1978-2014 I never got any flu shots unless I did when I was very small.  I never recall having the flu, or testing positive for the flu.  In 2014 I started working for a company that requires… https://t.co/WcchaLUy3S"	11/29/24 14:52	TRUE	Negative
1861663558637068471	332194461	"sepanjang setahun dengn Sumayyah, dia tkpernah sakit lebih dua hri. klini fever spike sampai 39-40 dah 3malam. amik darah, swab influenza semua okay. mybe gigi lain mcm la kot nk keluar"	11/27/24 6:49	FALSE	Negative
1852921985640374424	1370655759923441675	"@CoreeAtheist Seems like a lot of people. It's not covid and it's not the flu, I got tested for both last time. RSV, maybe?"	11/3/24 3:53	FALSE	Negative
1864914490984177733	1806529392811937792	"@puss_q @BGatesIsaPyscho I was sick too around the same time. I was pregnant with my first baby, and it caused her to stop growing (7mos gestation).They tested me for the flu and it came back negative, but they said it was a virus.Broke a rib and lost all sense of smell for a few months."	12/6/24 6:07	TRUE	Negative
1865141887897567364	1519528690681626624	"@thehealthb0t Never one PCR test, never one flu shot, never had the flu."	12/6/24 21:10	FALSE	Negative
1864816474499748077	939679358536507392	"@aparachick I have done one of those cool new RATs with the rsv and covid and flu, and it’s negative. I’m very happy to not eat atm which is very strange for me, but perhaps I should be listening to my body. I’m fat enough that weight loss isn’t an issue. Just trying to stay hydrated x"	12/5/24 23:37	FALSE	Negative
1859586795542909255	363624622	"@ChrisWickNews No tests, no jabs, no Covid, no flu, coughs or colds in 7years. Same for my husband.  Used to be Asthmatic, but discovered Vit D3+K2 in large doses lessened the Asthma significantly.  Maybe that helped avoiding Covid?"	11/21/24 13:16	FALSE	Negative
1859608922518110354	1766824648560275456	@AWokeZombie this is a nasty ass pneumonia going around now. Covid negative Flu negative but holy crap never been so sick in my life.	11/21/24 14:44	FALSE	Negative
1854980321436909766	1675589876593438726	@KEriksenV2 No tests.  No jabs.  Only stayed home for the initial 2 weeks.  No flu.  No colds.  I knew it was all bullshit as soon as I saw the death rate lower than the flu.  Too many people think with their emotions (fear) and not their brains.	11/8/24 20:12	FALSE	Negative
1854922462191853661	1502370638815715336	"Always thankful to get Negative Covid &amp; Flu, but it is frustrating how wild sinus infections be for me. They be taking me out. 😩 Reasons I need to go back to working from home."	11/8/24 16:22	FALSE	Negative
1859516588392591774	1817516245543251968	"@MTGrepp Zero! 🙏🙌That goes for my spouse, as well.I did get very bad bacterial pneumonia in Nov 2021, but i was tested @ hospital for Cov-19, Influenza A &amp; B. All tests came back negative. Prescribed Z-pack, codeine cough syrup, &amp; inhaler.  I was great in 4 days."	11/21/24 8:37	FALSE	Negative
1859254358875025774	1828531404130426880	@iAnonPatriot Went to the hospital with 104 fever coughing and could not breathe. Tested for flu and that wasn’t it. They had no idea what it was. Flew back home and was deathly sick for 5 weeks. Then we learned what Covid was. I have never had it since and no Vax	11/20/24 15:15	TRUE	Negative
1859828889826230548	1735541342640488448	@MTGrepp Zero tested negative everytime I got sick. Just the normal flu or virus. Don’t take flu shots either.	11/22/24 5:18	FALSE	Negative
1858919828830011463	65726750	Tested negative for covid and the flu. There is something definitely in the air.	11/19/24 17:06	FALSE	Negative
1864224720469807111	50826626	"@offspring @PeteParada you have more talent in a toenail clipping. Than this label pleasing Plagiarism. The Offspring is officially #poserpunk bless you pete🙏. I also dabble in experimental poison avoidance. No shot, test or rebranded flu. First case in canada was Jan 25 2020. #fluless"	12/4/24 8:26	FALSE	Negative
1861795680442003835	1320599522716708864	"@MessSparkles Yep, zero covid tests as well. No flu, no covid, no vaccinations."	11/27/24 15:34	FALSE	Negative
1864238942440341835	1681638744833822720	"@NzFubar No RAT test, no up the nose swab, no vax, no mask and never got Covid. In fact, I haven’t even had a flu or even a cold in over 20 years 🤗"	12/4/24 9:22	FALSE	Negative
1862200981452116370	36542648	"@DefectiveBecca @urbanmel Pediatrician used rapid tests to say “Nope, your tests lied, it’s not Flu A, Flu B, or RSV, she just has a cold”So, who knows. At least my PlusLife confirms we’re all definitively covid-negative."	11/28/24 18:24	FALSE	Negative
1859622104108507457	1497269216373784579	@MTGrepp Just once and I can't prove it was COVID. It was December 2019 right at the beginning sicker than I had ever been. All flu and other tests were negative and my local hospitals and doctors didn't have access to COVID tests at the time so we will never know for sure.	11/21/24 15:37	FALSE	Negative
1860740660090773729	491256452	@D_M_Robles @PeterVanNess33 @BusyDrT 2/2 peak of Covid in curfew I had 2 move my mom 2 a new home. Then kids &amp; I returned with my mom to the US Sept 2020. We didn’t catch Covid. Testing told us we didn’t. 2021 I got antibody test - zilch never had Covid or any other flu. Next comment- 👇🏽	11/24/24 17:41	FALSE	Negative
1865103505557721358	26391955	"3rd day in a row off and finally took my ass to urgent care. Covid and flu came back negative, but said it’s probably false because they won’t know for sure until at least 3 days sick. And we’re supposed to take the girls to a Christmas fest tonight 🥲"	12/6/24 18:38	FALSE	Negative
1853569468284149826	41540854	"@jaspertaylpr Negative for Covid, flu and pneumonia. Cause unknown."	11/4/24 22:46	FALSE	Negative
1855306711562650089	314928436	"I’ve been down with the flu , tested negative this morning , &amp; treated myself to Dunkin 😩"	11/9/24 17:49	FALSE	Negative
1859321982526914915	1603089523331801089	"@iAnonPatriot Never have tested positive for it, was negative the one time i had all the symptoms. Was one real bad day, like a flu. Otherwise nothing."	11/20/24 19:44	FALSE	Negative
1860034074372604309	1430970424242761729	"@AGardenSalad Got tested for Covid , flu, and strep and they all came back negative but I’m so SICK"	11/22/24 18:54	FALSE	Negative
1859401647761276929	37345483	"@PardonMyPain @Friesein Was refused at an urgent care (yes, I was symptomatic). They said “we don’t test for covid). They tested me for flu/rsv only (both negative). I’ve heard of numerous people being refused at hospitals."	11/21/24 1:01	TRUE	Negative
1854947747335737708	937120280446517249	"1:00 am visit to urgent care - considered ""ER"" at that time, they would not quote any charges prior to treating. Basic exam - BP, temp etc., Covid test, flu test. Doctor: tests are negative, take OTC meds/drink fluids/rest. Bill: $4,065.00. Thoughts?"	11/8/24 18:03	FALSE	Negative
1860764239247409431	575124312	@VoortAnnem42489 @MichaelSFuhrer How do you know? I've never tested positive for flu but I've felt terrible many times and just recovered after a few days. But it sucked.	11/24/24 19:15	TRUE	Negative
1858547719482327469	1542264205306388485	"@AlexBerenson 0, 0. 1 test, for a pre-op.Vit. D, so no colds, no flu, no Covid, no illnesses in our family since early 1980s. No fast food, other than 1-2X/year."	11/18/24 16:28	FALSE	Negative
1855424836908229110	1162139619082657792	"@ryooseii I took flu and covid test, but both test were negative"	11/10/24 1:38	FALSE	Negative
1862224391569850808	1349795689463771137	@bushido49ers I decided to test fate. It was optional for air medical personnel.  2009 was the lat time. Never had the flu	11/28/24 19:57	FALSE	Negative
1853942222875705480	1321574926063558658	"I haven't been this sick in years. I've been unwell for a week. Neg on the combined covid/flu test but man, I have been sick. Still not well enough to work but thankfully am on the mend enough to know that I will be well again. Another few days of rest are pencilled in."	11/5/24 23:27	FALSE	Negative
1860771405513535871	958766722118508544	@DoctorJanette I've only had one flu shot in my life...never diagnosed with the flu. Drug pushers for money	11/24/24 19:44	TRUE	Negative
1859645991198335006	1360041798094184449	"@Sassafrass_84 Unvaxxed,  had covid once,  sick for 4 days .. and I'm high risk, diabetic,  high BP, and over 55.. I thought it was the flu but tested positive for it.."	11/21/24 17:12	FALSE	Negative
1858928460435018096	40926573	"Whatever I have is brutal. Can’t work out if it’s Flu or Covid. Tests are negative but it feels like Covid. Worst headache I’ve ever had. Slowly making it out of my bed where I’ve been for days, unable to move or do anything 😢🤒"	11/19/24 17:40	FALSE	Negative
1859731447659348140	1714401993366638592	@naomirwolf Unvaxed…possibly once didn’t testNever once had a flu shot either and never get the flu …maybe as a child but not as adult…	11/21/24 22:51	FALSE	Negative
1855055451404009674	1247581095035633666	"@BitchyLiberty Never ever got the test or the flu, I mean virus."	11/9/24 1:10	FALSE	Negative
1853146707162444170	1110498895514218497	@Basil_TGMD I didn't have a mask I didn't get tested I didn't have the jab I didn'thave the flu. I'm in my 60's &amp; I don't believe government	11/3/24 18:46	FALSE	Negative
1859944764940186072	1593688257576960000	"I’ve been terribly sick since watching Wicked I just done flu &amp; covid test and all came out negative, what do I haveeeee"	11/22/24 12:59	FALSE	Negative
1864870516378538059	1659984379924365314	"@Poohkitty849 @ItsNurseBecca @Fynnderella1 @RealDrJaneRuby @DrSHankMD @goddeketal @MakisMD My 13 yr old has this cough. Tested negative for strep, Covid, rsv, and flu. It’s getting better now after 5 weeks. Just to note, she has had zero jabs of anything, ever. I started treating her with ivermectin after steroids didn’t touch the cough. Cough started to clear."	12/6/24 3:12	FALSE	Negative
1854953636058874002	824843462751121411	"@redpillb0t No f-in way. No jab, no test, no COVID, no Flu, not even a cold the entire time. Just lots of Vitamin D."	11/8/24 18:26	FALSE	Negative
1857590417996320967	1351648563974037516	RONA AND FLU NEGATIVE LETS FUCKING PARTY	11/16/24 1:04	FALSE	Negative
1863312864196304933	1289473924451966976	@junebugberri Thank u it’s just a little cold! I tested negative for the flu and covid so we ball. I’m feeling pretty alright otherwise ^_^	12/1/24 20:03	TRUE	Negative
1858367887695901018	1263460250050457600	"Influenza and cvd= negative. Tahlah. Sakit badan dah ni. Makan dah, muntah pun sudah. Apa mau?"	11/18/24 4:33	FALSE	Negative
1858262047848612224	2994869541	"@9mm_smg I still haven't had it, unless it was what I had in Dec 2019 before they really knew much about it. They tested me and wasn't the flu and no one had a clue what I had, but it sucked and was the sickest I've been in years. Fever, bad cough, aches...took a month to get over.… https://t.co/bek14hNctZ"	11/17/24 21:32	FALSE	Negative
1861077668109889877	1021275371918962689	Have a cold that's turning into a chest cold but since I tested negative for the flu/covid I guess I need to go to work still 😵‍💫	11/25/24 16:01	TRUE	Negative
1856167730681893250	1398261869740236811	"@parxvinyl It also totally could have been the same thing as whatever the WWWY mystery illness in 2022 was — we were even sicker than we were with COVID and tested negative for everything imaginable — covid, rsv, flu, and more!"	11/12/24 2:50	FALSE	Negative
1859656864792969250	1623106915743027200	"@naomirwolf I think I’m at 2 times. I had something really bad lat fall that was negative for COVID, negative for flu a, negative for flu b and had me down for almost 2 weeks. Some sort of RSV thing but there were too many to test. Joy."	11/21/24 17:55	TRUE	Negative
1859746461581443353	1612595173736828930	"@MTGrepp Twice since the November before covid.Flu symptoms, persistent cough both times.Tested once before major surgery in mid 2021 negative."	11/21/24 23:51	FALSE	Negative
1856595175109484879	2326602512	"@InspiredAquaCA In case this is helpful to anyone reading this, I recently had pinkeye after contact with a wild bird nest. I discovered so many gaps in available information about H5N1. I self-tested for flu A on a home test. Swabbed eye fluid as a best guess. Neg., but still isolated."	11/13/24 7:09	TRUE	Negative
1862949456183787534	872601057523716096	Tested negative for the flu and covid. Yk what it is? They said its a sinus infection AND bronchitis AND an upper airway infection. Wow no wonder I dont feel good. But hey guys its not covid!🙃	11/30/24 19:58	TRUE	Negative
1864434134082572717	1066834570400620545	@ArisSecrets1 The crazy part is that it’s not even the flu/covid this time😭 everything came out negative and they said it’s a virus going around and they’re still trying to figure out how to treat it😭 spent 5 hrs in the hospital for some damn Tylenol and an Iv	12/4/24 22:18	FALSE	Negative
1859970058426188230	1641185233981636615	@JayUSA102 I think my husband and I had it in March 2020. We both had flu like symptoms but I honestly didn’t feel anywhere near as bad as when I have had the flu. We didn’t test positive for it. Big pharma is totally evil. It’s so sad	11/22/24 14:39	FALSE	Negative
1859355260684468400	1239720651797209093	"@iAnonPatriot Twice.. first time had zero symptoms except losing my smell and taste and second time I was extremely sick, but I’m still not convinced it wasn’t the flu even though flu was negative and Covid was positive 🤷🏼‍♀️"	11/20/24 21:56	FALSE	Negative
1859266926528135400	1722061006883430400	"@iAnonPatriot I never tested positive, but I lost my taste and sense of smell without getting flu like symptoms once and I had flu like symptoms once again 2 years later and lost my sense of smell again that time."	11/20/24 16:05	FALSE	Negative
1864134893795754400	1744941791411924992	Had a brief illness about a 2 weeks ago that required antibiotics. I’m still taking them. Fever. Headache. Sinus congestion and weakness so bad I couldn’t get out of bed for days. Tested at urgent care.Not Covid. Not Flu A or B. But weird.A friend of mine across the… https://t.co/kOtakBS5Bu	12/4/24 2:29	FALSE	Negative
1855249957428621407	1806340451357827072	"@redpillb0t ZERO TESTS, ZERO JABS, ZERO SICK!!!! NEVER HAD FLU JAB OR FLU IN MY LIFE!"	11/9/24 14:03	FALSE	Negative
1859344704057315407	1246592382134616064	"Okay so it isnt strep, covid, or the flu. I'm not allowed to work the rest of my shift today or at all tomorrow, and they're sending a sample out to their lab for screening/testing. 🫠🫠"	11/20/24 21:14	FALSE	Negative
1857069676364275842	1384897040166146048	"What's going on here? Why don't people learn history and extol unrealistic fantasies as reality? Why are non prists trying to teach someone religion? By the way, I took tests for covid and flu, both negative. But my lungs feel tight. I don't like it."	11/14/24 14:34	FALSE	Negative
1855028658395922562	1815235485666828288	@redpillb0t No nose swab. No cvd jab. No flu. No shings. No tet. No hep. No prescription (or illegal) drugs either.	11/8/24 23:24	FALSE	Negative
1864372757292564562	43456102	Still not feeling better so I went back to urgent care. This time they sent me to the ER cuz they said I had tachycardia. Yeah I have a fast heart rate cuz I've been sick for a MONTH!!! Went to the ER where I got a chest xray &amp; tested for both covid &amp; flu again. Both negative.	12/4/24 18:14	FALSE	Negative
1859474276686102627	1518767174801772544	@MTGrepp Zero times. And not cause I wasn’t tested. I just haven’t been sick since before Covid. Don’t take flu shots either and never had the flu!	11/21/24 5:49	FALSE	Negative
1852711028414611762	1597649750483865600	"@its_The_Dr ....and the only people who had Covid were the people who were tested.  I've never been tested or vaccinated... I've also not been sick with cold, flu or Covid."	11/2/24 13:55	FALSE	Negative
1858896197034897762	484381012	@ArizonaTyjo Nope. It happened last week. I got over it and since I work at a hospital I have to get tested for flu strep and covid and everything came back negative. Now it's happening again.	11/19/24 15:32	TRUE	Negative
1859456646516298150	1835380162067574787	@KAGdrogo Weird cause my flu test was negative	11/21/24 4:39	TRUE	Negative
1864983428242039150	2258709854	I’m testing -ve still for Covid &amp; Flu but still feel horrible after a week.	12/6/24 10:41	FALSE	Negative
1855600945368895977	375882048	@yvettetreasaden Don't think so but have done a test anyway yesterday and it was all negative. I started feeling ill with the flu right after I had attended the sight village exhibition	11/10/24 13:18	FALSE	Negative
1858284263692456332	1655915587254534146	@9mm_smg I got something in September of 2019 that made me feel the worst I have ever felt.  Was sick for 7 days.  Negative flu test so I can only assume it was Covid.  Ended up getting it at least one more time but each one was milder than the one before.	11/17/24 23:01	TRUE	Negative
1854240217747816660	19548847	"I’ve been at urgent care all day and tested negative for strep, flu, and Covid, which is great, but this appointment cost me $120!"	11/6/24 19:11	TRUE	Negative
1862909888663371916	1169316863375003648	"@GibbsInForSix negative for rsv flu and covid, might have developed POTS or something else that causes changes in heart rate based on movement"	11/30/24 17:21	FALSE	Negative
1861171204234621277	1521682424698183682	@kennethjearl @bearjohnson2024 @ThrillaRilla369 I never took a covid test either. But I went to the ER in December 2019 when I got sick. They put those swabs up my nose then. But they said they were testing for flu. It was the first and only time I have ever been nose raped like that. It was negative. But I felt sooo ill.	11/25/24 22:12	FALSE	Negative
1859359041849311476	804630985614704640	"@AngelaBelcamino I had no Covid so far, occasional flu tested negative all this time and I had all my Covid vaccines. Just trust the science!"	11/20/24 22:11	FALSE	Negative
1854275447925670048	1072995887431999488	"@Teeemonae @missmassaquoi They gave me a flu, pregnancy and Covid test all negative just told me to push fluids and if I have another fever stay home like okay...but wtf is wrong with me then? lol 😂😂"	11/6/24 21:31	FALSE	Negative
1857447711127261346	3284182422	@bakusatsuho Your system FIGHTING to force it outta ya! Geez Louise haha I'm glad it came back negative! I don't really get sick much with how little I go outside or see people but when I last got my cov boost flu shot combo... oof. I was in the shadow realm. Some pocket dimension got me 💀🌌	11/15/24 15:36	FALSE	Negative
1858160036633051441	1506249160349073411	"@shelleysilver3 Same here plus throwing up, flu and Covid are negative so stomach virus"	11/17/24 14:47	FALSE	Negative
1862335278574153815	3214191294	"This is the weirdest stomach bug I’ve ever had. It has my nose all clogged up. Every time I get nauseous, I get snotty. Since when are those 2 things connected? Covid &amp; flu tests came back negative tho."	11/29/24 3:18	TRUE	Negative
1852659849336705270	2572087836	"@Chuck0slovakia @CartoonsHateHer March was when everything started licking down. I’d already been sick as a dog in February from Not The Flu. (They wouldn’t say it was covid, probably because they didn’t have the test kits in my hospital.) That might be why this supposed liberal mask pushback missed me."	11/2/24 10:31	FALSE	Negative
1855954357579293005	129360239	"#英語日記 43038 degrees fever has kept in these days.The cough was getting worse, so I went to the family doctor.According to the test, it wasn’t Covid-19 and influenza.I got a lot of medicine from the doctor, so I will feel better soon."	11/11/24 12:42	FALSE	Negative
1857645678421315626	35057074	@vincristine @SuzanneReads @HeyNurseKat @BitchforL @bla1975bla @pbolton11 @dbowde @graciefacelove @ellenfgallery I was not sick for many years before that shot... my daughter had the flu. I cuddled her and did not even get it! When I looked back after diagnosis it was the only thing that had happened out of ordinary	11/16/24 4:43	FALSE	Negative
1864357222974677134	776117538669207552	"@ninoboxer What I had was NOT the flu, and I didn't test before I became deathly ill. Rode it out because I knew a hospital meant certain death."	12/4/24 17:12	FALSE	Negative
1864784117449265438	516836627	@ItsNurseBecca @gunhilljen13 @Fynnderella1 @RealDrJaneRuby @DrSHankMD @goddeketal @MakisMD Un V son (18) had high fever (104+) for 6+ days. Cough. He was at college and his urgent care blew him off. Flew him home… tested - for strep/flu&amp;cvd. X-Ray showed full blown pneumonia.	12/5/24 21:29	FALSE	Negative
1859601167426199926	1474416947999690760	@MTGrepp Zero. No colds. No flu. No test.	11/21/24 14:14	FALSE	Negative
1854958847049273685	1338885776323600385	"@redpillb0t Neither husband or I have taken a Covid test. In the last 6 years, husband got sick 1 time (prostate, resolved) and I’ve had 1 sinus infection (seasonal allergy related). That’s  it. No Covid, no chest cold, no flu, no monkeypox, no “current thing”."	11/8/24 18:47	FALSE	Negative
1860229487759360126	1761010493295071232	"@Jenny_1884 @NobJockey5 Am 68 never had flu, fought common colds pretty quickly. Had Covid prior to jabs, if not tested wouldn’t have known prior to jabs. Had all the Covid vaccines, thinking it would protect my older siblings always ill now feels like my immune system as forgotten how it works. 😢"	11/23/24 7:50	FALSE	Negative
1859648048839917782	1858326258796404736	"@Logically_JC 62y/o unvaccinated paramedic who transported too many people either diagnosed with covid or claimed they had covid to count during the event, and I also am still alive and healthy. Oh, and I never caught covid or the flu."	11/21/24 17:20	FALSE	Negative
1865031799489073177	1554212902894174208	@CovidSolidarit1 Honestly I've been wondering.... I got the covid tests that test for flu too just incase.... but I've never tested positive for covid and I've not gotten the flu in math years.	12/6/24 13:53	TRUE	Negative
1861140460732842338	1592154469936005125	"@expose_the_dog @Censored4sure My whole family, unvaxxed, had it, still getting over it. I think it is shedding from the new RSV Vaccine. We took care of it at home, but I’ve heard it is testing negative for Covid and flu a/b."	11/25/24 20:10	FALSE	Negative
1853913025993949350	3013116559	My nose being stopped soo annoying but I’m thankful my Covid &amp; Flu test came back negative! 🙏🏽	11/5/24 21:31	TRUE	Negative
1858999062353301665	1551654755448934400	"@Nick_Wellings My carer still hasn't taken a test, im crazy sick now but I've taken a test for COVID flu a&amp;b and rsv - i purchased the tests from Germany. All neg"	11/19/24 22:21	FALSE	Negative
1859994079641383083	1278925436458655744	"@RealDrJaneRuby Too late dear, plus I have been taking my annual flu shot for 55 years now.  Also I have never been diagnosed with the flu."	11/22/24 16:15	TRUE	Negative
1864035516066439503	614161423	"@SonofManwithus If it's untested how would you know the survival rate. I got covid December 2019. I was in this country. They didn't have covid tests, my flu test was negative. 3 months later I realized what I had was covid. The no sense of smell. I never got vaccinated. I was taught Herd… https://t.co/PVZZQatgml"	12/3/24 19:54	TRUE	Negative
1864021141209104716	2722804837	Off today cause my whole house then got sick thank god we all negative no covid no flu ! 🙌🏾	12/3/24 18:57	FALSE	Negative
1859664401521049608	1452659287671590915	"@iAnonPatriot 0 and battling stage 4 cancer. My immune system should be very low, been exposed over a dozen times. Thankfully never go it or the flu. No shots for me. Last one,was a drive by pneumonia shot and I was diagnosed with stage 4 cancer within a few months"	11/21/24 18:25	FALSE	Negative
1859415838253584864	1822761067539230720	@AntonioSabatoJr Never been tested.Never got sick.Never had Covid.Never had the flu.	11/21/24 1:57	FALSE	Negative
1853322864830894120	1621023235533074436	"@Inversionism I was never jabbed, never wore a mask, their compliance badge, never tested and never got the china virus at all, in fact never had a flu shot and never had a flu of any sort."	11/4/24 6:26	FALSE	Negative
1862339914786128049	409685892	"Dah dua malam barai. Doc dah swab influenza, tapi negative. So antibiotic je la."	11/29/24 3:36	FALSE	Negative
1855317489816670369	29476419	@redpillb0t Zero tests here. Zero covid/flu/cold also 👍	11/9/24 18:32	FALSE	Negative
1859327225209712851	2709465943	"@iAnonPatriot Flu? 2 times, 1 was bad (got it from the swab they tested me with. I needed it for a flight... and yes, I had fake vax card), the other no worse than any other time I had the flu.The test came out negative, but 3 days later I was horribly sick w ""covid""."	11/20/24 20:05	FALSE	Negative
1862085653510705432	14995616	"I need advice. Overnight I developed a fever of 38.7° and I’ve had a cough for over two weeks. I was tested for flu/COVID a week ago and everything was negative, but I didn’t have a fever. I tested negative again this morning, but doc said it might be too soon to be accurate. +"	11/28/24 10:46	TRUE	Negative
1864954688468082839	1481397118925516803	"@liz_churchill10 Earlier this year I got really sick with flu like symptoms and was out of it for 2wks. Tested negative for the flu, covid, pneumonia, etc and Drs couldn’t figure out what it was and told me to ride it out. Other people posted videos about the same thing. They’re at it again."	12/6/24 8:47	TRUE	Negative
1856417675314114747	3038762389	Tested negative for Covid and the flu.. I have seasonal allergies 🤧	11/12/24 19:23	FALSE	Negative
1859290664326005163	18817499	Well pals it's just my old buddy upper respiratory tract infection. I was negative for COVID RSV and flu. Time for the Prednisone.	11/20/24 17:40	FALSE	Negative
1856542276014448813	1756212515221000192	"@MannySinghBal @BNOFeed True, however I've never had a flu either, and at the time when I called in to speak to a nurse (we have 811) there was people getting influenza mixed with a cold.So I cant say yes it was forsure covid unless tested."	11/13/24 3:39	FALSE	Negative
1857099094633644198	3411085595	@keigotakamis_ I KNOW!! i luckily tested neg for strep covid and flu yesterday but omg if it was one of those i dont wanna bring that home w my diabetic dad 😭	11/14/24 16:31	FALSE	Negative
1862042237783171198	762327451	"@Chris444472 @liz_churchill10 I’ve had 3 jabs. Had blood tests regularly last few years as had operations for joint replacement, caused by arthritis, had that for 30 years…no Aids/Hiv/flu/etc"	11/28/24 7:53	FALSE	Negative
1859724283343204726	1609980644976906241	"@ChuckieB111 @TightenUrGrip @DisavowTrump20 Last March I was misdiagnosed, negative for the flu and I ended up w pneumonia too. I was diagnosed with emphysema and I was in &amp; out of the hospital for over 4 months. My oxygen was 74 and I was in the ICU as well. I got those shots and my shingles all from 2021 = 12 of them."	11/21/24 22:23	TRUE	Negative
1863526791739998700	1434020703582441474	Us to get them every flu season .  All my test were negative Covid flu bronchitis strep but this shit undeniably feels like the flu or Covid .	12/2/24 10:13	FALSE	Negative
1863263238684639323	1641745712	"Went to urgent care bc I sweat through my bed, my throat is killing me &amp; I had body aches. Tested negative for covid, the flu and strep ...Then the doc had the nerve to ask me why my throat is so red????$185 experience to be told take Tylenol and mucinex"	12/1/24 16:45	FALSE	Negative
1860915424441086022	1554440637826551808	"@JSA2800 Nah, tested and am all good. Hung out with a couple of people mid week last week that have come down with a flu.Clearly it's a sign to be less social"	11/25/24 5:16	FALSE	Negative
1863804050099020226	2485713062	"@BurnItD0wn @unusual_whales Half our building, roughly ~55 employees were sick with the same illness you mentioned. Low blood oxygen levels too. Everyone tested negative for flu. This was December '19/Jan '20. We believed it was COVID later on"	12/3/24 4:34	TRUE	Negative
1856274972513030199	311634716	"My head is stuffy, &amp; my nose is runny. My eyes are watery &amp; I have a nastyyyyy cough. Went to the doctor only to be told my flu, covid, &amp; strep were negative😒😒 some gotta give!!!"	11/12/24 9:56	FALSE	Negative
1855822103280509057	1256215141030518784	"検査した結果、コロナでもインフルでもないのでやはりタチの悪い風邪がまた訪れて来たって感じですね🫠Got tested for covid and the flu, but both were negative, so yeah. It’s just a bad cold🫠"	11/11/24 3:57	FALSE	Negative
1861141969788977483	754145769360396288	"ive never in my life had this immune response. no cough? no runny nose? i have a runny nose every single day of my life but somehow, not today??? what is this. tested neg for covid flu strep. can i just sleep until this is over pls"	11/25/24 20:16	FALSE	Negative
1858272584686825487	131473305	"@wolsned We never took any vaccines, we’ve never had Covid or Flu, or been sick. On Wednesday we’re going to the funeral of yet another friend who was vaccinated then diagnosed with cancer."	11/17/24 22:14	FALSE	Negative
1865049027223396487	1888437787	"@toobaffled Both of my parents had the shots. They both were sick for a few days to a week. They tested positive for CV. I had zero shots, got the flu for 2-3 days, tested negative."	12/6/24 15:01	FALSE	Negative
1863279889144537115	2217876837	Home from Urgent Care. Covid/flu test both came back negative. It could be a viral infection. The doctor sent out a respiratory test that takes a few days to come back. Can't go back to work until Thursday. Thank you everyone for your prayers and support.	12/1/24 17:51	FALSE	Negative
1859486624247161035	1377852387508027392	"@MTGrepp Only once for sure, but I had something about 3 months before they say it came to the United States that sure seemed like it might have been. It was like the flu but I tested negative for flu. Researched, educated, never vaccinated. I take Zinc, Vitamin C and Echinacea, along… https://t.co/8K0M08yDqz"	11/21/24 6:38	TRUE	Negative
1861247142364324108	1492748069821104129	✨: but i was negative for covid and both types of the flu so W	11/26/24 3:14	FALSE	Negative
1856134414989656406	1395862523107332098	"@SurvivingCFS Some ""common cold"" viruses can be more serious than others, like coronaviruses! 🥴 My household is dealing with something too. Testing negative for covid, RSV, influenza. I don't know what it is. 🤷‍♀️"	11/12/24 0:38	FALSE	Negative
1855001978100699331	180816723	@redpillb0t I was forced to twice. One time I had pneumonia and the other influenza A. Urgent care insisted I get tested. Negative both times. So as far as I know I never had COVID	11/8/24 21:38	FALSE	Negative
1860598816703152308	21349086	"@CKscullycat I don't know what's going around, but not testing positive for covid, strep, or flu strains (not sure about RSV). It has ripped through with multiple folks getting secondary infections. Stay vigilant. This thing is awful."	11/24/24 8:18	FALSE	Negative
1859265537232277673	1457010382535421959	"@iAnonPatriot So far, zero. Well maybe once, I was exposed at work and came down with flu-like symptoms the next day.  I took a rapid test (I had too, for work) but it came back negative.  So did I catch covid, or just the flu?  Who cares."	11/20/24 16:00	FALSE	Negative
1856533830670201124	171785770	"I tested negative for flu, Covid, and pneumonia but somehow I still have a fever, everything hurts, and I can’t eat 😵‍💫😵‍💫"	11/13/24 3:05	TRUE	Negative
1856312554869428352	831944787762745345	"@iAnonPatriot 🙋‍♀️ #NoVaxx And all my #Covid and even, flu tests, have all come back negative ➖"	11/12/24 12:26	FALSE	Negative
1858293734611251352	53605353	"@9mm_smg I got Covid when a student’s dad came back from China and shook my hand, it was still just rumored here. Sockets I’ve ever been, didn’t feel like I couldn’t breathe, but flu like;  got pneumonia after. They tested me for all the things. Nothing showed up on tests."	11/17/24 23:38	FALSE	Negative
1860132143520972829	92892764	"Hey #MedTwitter, what would be most likely to cause sore throat, severe cough, malaise, etc, in a patient that PCR tested negative for Covid, influenza A and B, RSV, parainfluenza, human metapneumovirus, mycoplasma pneumoniae, rhinovirus, adenovirus, and pertussis?"	11/23/24 1:23	FALSE	Negative
1855855194774425872	1735059692211011584	"@1Nicdar Once, fasted for 3 days, symptoms went away. 2 more days test negative. I don't take flu shot either."	11/11/24 6:08	FALSE	Negative
1861653087682781264	1795629586899746816	"@_AnitaWriter @FioreUnited @nypost More relevant in low CD4 AIDS cases, as really sick anyway with or without major secondary illnesses. I was very low CD4 when diagnosed, was hospitalized with 107 degree fever, close to fatal from fever alone, and they couldn’t identify anything else like flu etc, was just sick."	11/27/24 6:07	FALSE	Negative
1859667395746595281	1154721186661699586	"@MTGrepp Once. Didn’t really get the flu symptoms, discovered after going for the test and I went for the test cuz I dreamt that I had it. Took ivermectin and azithromycin and with God’s help I tested negative shortly"	11/21/24 18:37	FALSE	Negative
1858236324849078281	30106118	@9mm_smg I haven’t. Not vaxxed either. My kid had it &amp; was positive for two weeks. It was like a bad flu. I took care of my kid round the clock. I never got it.	11/17/24 19:50	FALSE	Negative
1854995197408797146	1576954703425978371	@redpillb0t The only 1 I took is Dec 2020...fever sick..flu and covid tests negative 10 days with fever...antibody test positive for covid 4 wks later another required before surgery... none except those 2	11/8/24 21:11	FALSE	Negative
1864089548864499943	232253346	Took a covid and flu test. Both negative.	12/3/24 23:29	FALSE	Negative
1859314975262769488	1601703065312264199	@iAnonPatriot Never. I haven't even had the so-called flu. I did have to take a covid test once because it was protocol for surgery I refused but I had to do it or else I didn't get my surgery and of course it was negative.	11/20/24 19:16	FALSE	Negative
1859922871432384906	439578918	@iAnonPatriot Once (maybe) in Dec 2019 (when they weren't testing for it).  Had some very weird symptoms.Got tested once in 202p when we were required to take time off for cold symptoms and it came back negative.Other than that - barely any cold or flu symptoms.	11/22/24 11:32	FALSE	Negative
1859537282493272507	1712642570822844416	"@MTGrepp 0- I got tested once for work in 2021 came back negative. I never gotten the flu shot I get sick once every 4-5 yrs and it only lasts like a day or 2 . Take your vitamins, eat pretty decent and get some exercise"	11/21/24 10:00	FALSE	Negative
1857746798531534974	1672990295406047233	"@TheFungi669 Unvaxed, no CV, no flu, no cold, no cholera, no smallpox, no pneumonia, no measles, no shingles… WEF website article says COVID was a world wide psyop to test the viability of rapid deployment New World Order, and you are still trying to be the best puppet."	11/16/24 11:25	FALSE	Negative
1855803336634843304	1482955033180520448	I've been so sick for over a week now and I just thought it was a really bad flu but now I'm confused It's all negative what do I have 😭😭	11/11/24 2:42	FALSE	Negative
1862165343084708304	1625535801441550336	"@TheChiefNerd From my experience I got some type of respiratory illness once every month the years that I got the flu shot.  I got tested each time and it was never the flu. My immune system was weak. This year I didn’t get the flu shot and  I haven’t gotten sick yet and I feel strong, healthy"	11/28/24 16:03	FALSE	Negative
1854547592937447754	1952519106	"@TheLitApotho Oh wow, well that blows.Thankfully, I was negative for that and flu.Though I’ll say this, the flu I got back in the early 00’s, was probably the worst thing I’ve ever had. That made me get flu shots every year afterwards… I wanted no part of that again lol"	11/7/24 15:32	FALSE	Negative
1854517437280272768	1874792017	"@TripperheadToo Mine tested negative in the 6-in-1 test (Flu A/B, Covid, Adenovirus, RSV, Mycoplasma pneumoniae). I got it in India (traveled out of HK after 5 years). We didn't travel earlier to avoid illness! Most who were infected there recovered in a week or so."	11/7/24 13:33	FALSE	Negative
1856857852100350090	122216052	"@Bellamor_19 I LITERALLY just went thru that.  I didn’t sleep for 4 fuckin days i thought i was going to die.  I tested negative for 2 types of influenza, covid and rsv.   Still dunno wtf i had but it was the worst cold ever lol.   Still coughin a bit"	11/14/24 0:33	FALSE	Negative
1861430821275513090	1046248429566021632	"pretty sure i might have long c*vid bc i got it for the first time nearly 2 months ago and for the past 2 weeks i've had severe flu like symptoms but urgent care tested me for strep (twice 5 days apart), flu, and the vid and it all came back negative 😭 antibiotics aint do shit"	11/26/24 15:24	FALSE	Negative
1855970749888033009	1462027014475554818	"@1Nicdar Once officially, but I beleive twice. Early 2020 I got really sick and tested neg for flu, strep. Took some antibotics and stayed in bed (worst thing) lingered for almost 2 weeks and was in bad shape. Little was known then. Got Omicron year later and it was nothing. No vax ever."	11/11/24 13:48	TRUE	Negative
1858631553934651759	250875414	"@Plutodagreat @ElleSteinhagen I had a bout of what you describe. Tested for Covid and flu, all negative. My lungs were not bad but had shortness of breath, never before. Took some steroids, not fun for a diabetic and seemed to clear it up or it ran its course."	11/18/24 22:01	FALSE	Negative
1859252092789006383	1586060259214475266	"@iAnonPatriot I think once back in December of 2019.  Slept 15 hours a day for over 2 weeks.  Negative for Strep and Flu.  But, there were no tests for Covid at that time.  And haven't been sick since."	11/20/24 15:06	TRUE	Negative
1858323237232406569	1631412318125916161	@9mm_smg Not vaxxed. Had what felt like a minor cold in late march of 2020. Wasn’t allowed to work cause I was coughing and couldn’t get a test cause I didn’t have a fever. Had what felt like a horrible flu late in the year and tested negative so I may have never caught it	11/18/24 1:36	FALSE	Negative
1861612014055104715	458136963	@emcarats I masuk 3 minggu batuk. Sakit tekak macam kena covid ye. Tapi buat test semu -ve termasuk influenza a/b.	11/27/24 3:24	FALSE	Negative
1860867096491794715	569658701	"COVID-19 negative Influenza negative Sore throat, inflammation... 🤒"	11/25/24 2:04	FALSE	Negative
1859989964001595838	862709009610047490	COVID/flu rapid and RSV rapid were negativeStick around to see what the PCRs say!	11/22/24 15:58	FALSE	Negative
1859247488051404836	1839378841342722048	@iAnonPatriot 3. The most recent was February this year. The first time was the worst. It was in January 2020. Before the tests were available &amp; before the shutdown. I worked at UPS in Atlanta. Doctors didn't know what it was. Flu test was negative. I was down for a month.	11/20/24 14:48	TRUE	Negative
1864894235448627609	783840150711173120	"so xrays are done and i wont get results for a while but ill keep u guys postedALSO i tested, no covid, no flu"	12/6/24 4:46	FALSE	Negative
1853013053945622590	1489598232246239234	"@Abster_1983 @GasolineBreath @kaveri59872487 12/24/22 - even worse cold w/ sore throat, negative SARS2, Strep A, Flu A/B results (swabbed throat, nose at work again; throat swab for Strep A antigen test, nasal swab for Flu A/B, SARS2 antigen test).2/"	11/3/24 9:55	TRUE	Negative
1860801373211931031	1518906596973109249	"@TheDitchDigger1 @AnthonyHow18752 @toobaffled I never got it, or the flu. I think they made those testing sticks just test positive not matter what. I saw someone rub it on fruit and it showed positive for Covid."	11/24/24 21:43	FALSE	Negative
1859308935485981101	1527419251362934784	"@iAnonPatriot Never got Covid, at least that I am aware. Did test myself a few times. Exposure (close family), some cold/flu symptoms. All negative."	11/20/24 18:52	FALSE	Negative
1861227246842749245	103156121	@sixtwentytw0 Yes and the flu they were both negative they said I have sinusitis and a middle ear infection I’m too old for this 🫠	11/26/24 1:55	FALSE	Negative
1859776017000169690	885270432873676800	@MTGrepp I got covid during Christmas 2019 while in London. A colleague of mine died on that same trip. 9 or 10 of us were very very ill.  We ended up in hospitals but tested negative for flu.  It was a tough 3 days. I coughed all the way back to the US on that  Dec 28 return flight.… https://t.co/6o42HRouVl	11/22/24 1:48	TRUE	Negative
1859706004730241276	262737254	"@MTGrepp 0 tests, 0 flu of any kind"	11/21/24 21:10	FALSE	Negative
1863679597620957276	421977288	@1goodtern Seeing a lot of pneumonia but all covid and flu test are negative. X Ray positive. Mycoplasma is bacterial.	12/2/24 20:20	FALSE	Negative
1860006976534741149	1311033428201086976	"@ringothe5th @NBCNews I've never had a flu shot or the flu, so I'm not sure what the ""flu"" is. Are you certain the illness you suffered in high school was the result of that virus? It seems like a ""catch-all"" diagnosis for a large group of symptoms people mix and match."	11/22/24 17:06	FALSE	Negative
1858591972086477121	488158392	well my covid and flu tests were negative but i still feel like i got hit by a fucking bus	11/18/24 19:23	TRUE	Negative
1859474750831018107	951983364	"@MTGrepp Once, but swear the symptoms were influenza A. Hospital told me they tested me for the flu. My PCP is tied to the hospital. He told me I wasn't . Mistreated...I had a ER nurse abandon me after she asked my vaccination status"	11/21/24 5:51	TRUE	Negative
1859364254891020659	1837126854995759106	@iAnonPatriot 1 time was like the flu was negative 3 days later	11/20/24 22:32	FALSE	Negative
1861238139660181764	2195210282	"before🐱 i did tests for flu and covid, and both were negative🐱 it's either whopping cough or mycoplasma🐱 since friday and saturday is my day off, i thought it'll be better if i rested🐱 there's a reason on why the antibiotics didnt work"	11/26/24 2:38	FALSE	Negative
1852779662130499683	3087673295	"went to urgent care for cough/nausea/extremely swollen tonsils/general malaise and tested negative for covid, strep, and flu, “lungs sound good” genuinely what is wrong with me bruh ive been sick in different forms for over 3 months at this point"	11/2/24 18:27	FALSE	Negative
1864551014558519748	1374531407947603973	"@goddeketal Maybe I already had it. Could already be out there without realizing.I had COVID/flu symptoms for about a week and three tests were negative for Influenza/COVID. I'm someone who never gets sick, so can't just be a random flu. Didn't feel too bad though. Mostly runny nose."	12/5/24 6:02	TRUE	Negative
1859935606840942676	1796139576357982208	"@stirlospace @Prof_J_Lawton @DSEDunn SO sorry you went through this. Those early infections were terrifying. In A&amp;E twice, I was tested for flu, RSV, no joy. They didn’t know what it was.  Decided I had some kind of infection, gave me antibiotics, sent me home. The antibiotics did nothing except make me feel WORSE."	11/22/24 12:22	TRUE	Negative
1857973589850390676	1637507099558027267	"@yishan At the time of posting, I knew it wasn't the flu, COVID, or walking pneumonia.Since then, the results are in and I've learned it's RSV, convenient testing just wasn't available, and given the highly variable incubation period, I'm still not sure when I was infected."	11/17/24 2:26	FALSE	Negative
1865045658941423676	1819516602510950400	"Back at urgent care. I wanted to get tested just to be safe. Negative for everything (strep, flu, covid), they don’t test for rsv. They think I have a viral infection on top of a sinus infection. They are giving me a steroid shot here and a nebulizer treatment. 🙏🏼🙏🏼just want to… https://t.co/peV62Z5dxe"	12/6/24 14:48	FALSE	Negative
1864436278600556676	1473778536745897984	"@lucyveepee Yes. &amp; it was not covid I got. I tested with a molecular test for flu - negative, and covid  negative; the hospital lab informed us that mom had RSV which was going around the ward, so voila. I fought really, really hard to stop it from my lungs. It's a bugger. So glad smell ret."	12/4/24 22:27	TRUE	Negative
1853479273606111265	42010579	"@leahmadib Yes, throat swab. Got my results last Wednesday saying Negative and I think they are wrong. This is no normal flu."	11/4/24 16:47	FALSE	Negative
1864351695431487896	1069755108769046529	"Negative for flu and covid, but I definitely have something. Mostly likely an adenovirus."	12/4/24 16:50	TRUE	Negative
1855968450176328152	865400006928351233	"@InformedNJNurse Yes you did. My 4 year old had it with me, &amp; she had a fever of 105°, vomiting, &amp; cough. I took her to the ER &amp; she had an Xray. She had Pneumonia, &amp; put on antibiotics for the first time. Somehow I didn't have the Pneumonia, only her. Negative flu,strep, &amp; covid tests."	11/11/24 13:38	FALSE	Negative
1859308399911227589	1842418426314215424	GUYS guess who just took another rapid flu/covid test at the doctors and TESTED NEGATIVE SO I CAN STILL GO TO DURHAM TIT	11/20/24 18:50	FALSE	Negative
1862853267211866589	1763746117362253824	"@JeckovKanani I can't prove it, but I do think Covid was real. I had a disease like a bad flu early 2020, before there was a Covid-specific test, and the flu test came back negative. The vax and protocols were surely bullsh!t, though."	11/30/24 13:36	TRUE	Negative
1856134740656468340	772824990974607361	“well yeah you’re sick with your 100 degree fever and shit but it aint covid/flu/strep so fuck if i know” is such a great diagnosis	11/12/24 0:39	FALSE	Negative
1853204388161970218	1333124870	@Naomi_D_Harvey @himmatb15 I had 4 negative PCRs for Covid/flu/rsv/rhino/etc over a few weeks of this ongoing intrigue. Two of them were done 1-2hrs after a clearly RSV positive RAT. These were at a collections center and I held the swab. 2 done by doctors during the same general time frame. 3 labs used.	11/3/24 22:35	FALSE	Negative
1856813662628966649	1131600862118338561	"@bonitarosa19 Same, never had the flu or tested positive for covid."	11/13/24 21:37	FALSE	Negative
1863606709744275738	1625254519989846016	@TomTSEC I have Lupus. My team of doctors have always recommended that I take Vitamin D3.  Was diagnosed a few years ago.  Never had the flu in my life or even covid unless I’m asymptomatic to flu symptoms.	12/2/24 15:30	FALSE	Negative
1855667442661601655	28092484	"@Thisredcard4u @cptspatchcock @TheFungi669 I’ve never had the flu either. Every time a doctor insists I do and tests me, I’m correct.  Some people develop natural immunity to things 🤷‍♀️ but don’t go down the rh- rabbit hole unless you’re truly bored"	11/10/24 17:42	FALSE	Negative
1860016963130655205	1648480547927105539	"@Guy869Jo @RealDrJaneRuby I recently got the flu shot and that night I had fever, chills, and coughing was horrible.  2 days later I was diagnosed with Bronchitis. Tested negative for flu and Covid. Hmmmm what are the odds??"	11/22/24 17:46	TRUE	Negative
1856735399869333908	874173102552301568	"@LauraMiers correction,  *even if the covid/RSV/flu PCRs were negative"	11/13/24 16:26	FALSE	Negative
1863868602644115908	2995629542	@ghujikomng ไข้หวัดธรรมดาค้าบบ ที่หาหมอเมื่อวานนะ swabล่าสุดเมื่อเช้า โควิด+flu A/B ก็ไม่ขึ้นเหมือนเดิมมม	12/3/24 8:51	FALSE	Negative
1857688285516042272	3115991508	@DrScomaME_CFS I just had a negative COVID and Flu test and then was vaccinated for both. Doing what I can to help the planet stay healthy Doc!	11/16/24 7:32	FALSE	Negative
1862492174199194028	1229069934	@jaydealex I went to n2 on the floor and was fine beforehand. I am super sick now. Negative for covid and flu an and b though. I’ll retest tomorrow	11/29/24 13:41	FALSE	Negative
1859406376797159664	1346697780723646465	"@crdoggo I did, they tested for strep and I was negative :( they don’t know what virus it is (not Covid, flu, etc) but a few other people have also had it and came in for the same thing, I’m waiting for my throat culture to come back"	11/21/24 1:20	FALSE	Negative
1864918306848670021	125416231	@BNOFeed I’m here in US &amp; was seen in urgent care for something “viral” — couldn’t tell me what it was - only they had seen other cases with same symptoms. Covid &amp; flu test came back negative	12/6/24 6:22	TRUE	Negative
1861051360134709490	1583502137450962948	"@DogecoinDawnRN Never had a flu shot, or the flu. Didnt get vax, got covid, took ivermectin and airborne 4 times a day. It was a sniffle that lasted 2 days. Lost 10 days of work and 3500 in wages until I tested negative. Fuck a flu shot."	11/25/24 14:16	FALSE	Negative
1859516730822754576	1015387802	@iAnonPatriot Got the flu once a year but never tested positive	11/21/24 8:38	FALSE	Negative
1859581338455507289	16293347	"@ChrisWickNews Just once in April 2021. It was a nasty flu and I was in bed for 3 days, mostly asleep. Then I tested negative again."	11/21/24 12:55	FALSE	Negative
1859381962596811027	2986587612	"@mikegshelby @jenn51419814 @colossusPhD @ryangerritsen You're assuming I've had covid to boost your narrative while I maintain that through proper measures I have never tested positive for covid.  In fact, I haven't had a cold, flu or sniffle in years. My hubs DID get covid, but thanks to the vax it only lasted 3 days. But go off."	11/20/24 23:43	FALSE	Negative
1859340440887230585	292996339	@TL_Nels @CrimsonPKing @iAnonPatriot I was sick as a dog during Thanksgiving 2018 after dining at Kowloon. Tested neg for flu twice. was way worse than the 2021 covid for me. was sick for a month	11/20/24 20:58	TRUE	Negative
1860139401432694854	194231583	@MTGrepp Zero! I think I had the flu once for a few days. Never tested positive.	11/23/24 1:52	FALSE	Negative
1855090752633651473	733797950904664064	@notcomf you can say that again. its sooo easy to fall off. my last attempt got clipped by this recent wave of whatever's going around (flu? cold? idk i tested neg)	11/9/24 3:31	FALSE	Negative
1858655191328805024	1695508546413076480	I got covid &amp; flu tested yesterday. They were negative but i feel like shittttt😭 im soo drained	11/18/24 23:35	FALSE	Negative
1863262529650295268	1614951039521722369	"i cant make this up I got tested for strep, flu, and COVID and ALL 3 WERE NEGATIVE. But I lost 15 lbs in 3 days from not eating . I don’t understand whats going on with me just keep me in y’all’s prayers . I’m going to be back soon with more content. Thank Y’all for y’all’s… https://t.co/lNMcHiPgsF"	12/1/24 16:42	TRUE	Negative
1859120063464296687	1314043654390996993	"@ChristineGuent8 @Josie_Osborne Thanks so much Christine ❤️. So far the fact I’m testing negative &amp; rest of family is too is at least good news for now. Really hoping I have an old fashioned cold &amp; stomach bug…maybe flu?…but I don’t have a fever…And re: Osborne, I mean, she can’t do any worse, can she??"	11/20/24 6:22	FALSE	Negative
1857168501921685859	36484077	"I tested negative for covid, the flu, and strep. Doctor says it's a bronchial infection. At the pharmacy now picking up my meds."	11/14/24 21:07	FALSE	Negative
1859235958945685859	2760395261	@z9rh9mnwxq @PeterCorless @ElleSteinhagen No….  I haven’t even had a reason to test for COVID or the flu.   Haven’t missed a day for any reason.   I’m a lucky one - never have had COVID or a vax.	11/20/24 14:02	FALSE	Negative
1863296171919175859	1424172930066489347	"Tested negative for both flu and Covid, and I’m still HACKING UP MY LUNGS LIKE JESUS CHRIST THIS IS A COLD??? I’M VIOLENTLY COUGHING EVERY FEW SECONDS 😭😭"	12/1/24 18:56	FALSE	Negative
1854576417175916919	1502370638815715336	Like I don’t freak out on if I have Covid or Flu cuz I get sinus infections or flares  that come with body aches at least 3x-5x year and every single time I test it’s negative. Anytime I even feel things are gradually going down I double up the herbs &amp; fruit intake.	11/7/24 17:27	FALSE	Negative
1862529841330876919	1502789971593281547	"Had to go to the emergency room last night. I have had what I thought was a cold for a little over a month. I took over the counter medicine,  rested,hydrated.... they checked if I had covid,flu and walking pneumonia. Those tests were all negative! But I do have...."	11/29/24 16:11	FALSE	Negative
1859617774676418981	17147944	@FAMOGANG365 I think I got it late 2019.  This was before it was announced in February/March 2020. Wife and I got really sick and needed inhalers and whatnot. Got tested for the flu and it wasn't flu but they couldn't figure out what it was. I've been tested many times with no positive.	11/21/24 15:20	TRUE	Negative
1859594611796131981	1586117690355322880	"@MTGrepp Not vaxed.  Got super sick 4 years ago.  Dr says, you have Covid, but tested negative.  Sick for 2 weeks but they won’t treat me. Back to the dr. Who says, you have the flu.  Tested negative for flu but positive for Covid.  Got a steroid and was better the next day"	11/21/24 13:47	TRUE	Negative
1858905987484409981	1556675398917885956	@vlFacade flu like symptoms with high heart rate and fever. tested negative for Everything	11/19/24 16:11	FALSE	Negative
1862845570420785179	972750302	"@ThomsonSherin @BitterGirl2128 The doctor I used to go to was a Trumper. I went in with possible Covid  symptoms. She did a flu test which was neg. She said it was probably a viral infection, would not test for Covid. Isn't  Covid a VIRAL infection? Never went back."	11/30/24 13:06	TRUE	Negative
1855336071229579699	1669159392191852545	@redpillb0t Me. 0 tests 0 Vac 0 COVID/flu. Natural immunity 100%	11/9/24 19:46	FALSE	Negative
1855136609546465709	1638430667863126018	"@redpillb0t Never took any tests, never complied to the ridiculous mandates and rules, never took the jab, never even got the flu or a cold...... all of that was a BIG hoax..."	11/9/24 6:33	FALSE	Negative
1853268494499856468	14011912	"Hey all if you great Patriots, I am gonna call it a night, this time thing has messed up my circadian rythmn and got me tired! Since my flu was a false positive, just a bug. I am out for the night! Stay vigililant, 2 more days and 2 1/2 months! Goodnight and sweetdreams😴♥️🇺🇲"	11/4/24 2:50	FALSE	Negative
1862827772604764468	1187667972682211328	"@subtlysaid @KCMartinStone Our youngest tested positive on Wednesday &amp; is going okay &amp; isolating.  I went to the shops  to get some more tests (negative &amp; wearing N95). Went to 2 large pharmacies, but neither pharmacy had any.  3rd pharmacy staff member told me covid is “just the flu”😳😳😵‍💫"	11/30/24 11:55	FALSE	Negative
1856165844394369526	1372568041200947201	"@BasedIllinoisan I feel like I’m in hospice bro. Chills, muscles feel super week (hurts to stand or walk or lean on anything), my head as foggy as fuck, every once in a while I’m nauseous, and the idea of eating food repulses me. Tested negative for both flu and COVID."	11/12/24 2:43	FALSE	Negative
1860097466835829127	104151947	"@Jenny_1884 I never take jabs. I am three score year and ten plus! I do not get colds, nor the flu, and in  excellent health. Surgery want me to take a blood, urine and bp test for no reason.  Not interested. My immune system works."	11/22/24 23:06	FALSE	Negative
1861172815510086127	1402253587284176898	"@_dethrxne I have the same symptoms 😭 negative for covid, flu a &amp; b, strep and respiratory infection???? SO WHAT IS WRONG WITH ME"	11/25/24 22:19	FALSE	Negative
1859765211684798519	1610649429060485120	"@MTGrepp Once in Dec 2019 before it was known. I lost taste and smell for a couple of weeks, tested negative for all known flu. Took no meds and just let my immune system fight it. Refused all vax and had nothing since."	11/22/24 1:05	FALSE	Negative
1853101153795354634	1028860087815815173	"Is there an outbreak of flu of a special kind? Am feeling so sick, no positive tests so far."	11/3/24 15:45	FALSE	Negative
1856423309081977312	1804288750416986112	@iAnonPatriot No Covid OR flu shots! I’m sure I’m due… but I don’t think I’ve ever had the flu. Tested positive for Covid with no symptoms which I’m still a little skeptical of the result.	11/12/24 19:46	FALSE	Negative
1853594340414877996	963518590040207360	"I have been quarantined in my room. My friend got Covid but we are unsure whether my flu is actually a flu. Tested negative, but will check again tomorrow. 😕"	11/5/24 0:25	FALSE	Negative
1859298990459846996	476309522	"@iAnonPatriot Zero. If I fell sick or get sick with a cold, I test. Have never tested positive for it. . No vax shot, no flu or shingles shot. Part of me is worried that I passed away years ago and I’m existing on adrenaline. Haha"	11/20/24 18:13	FALSE	Negative
1853486129095250404	1781633868560257024	@IvyCRain74 They took a swab and 2 sputum vials (don't get me started on that) also covid and flu tests which were clear	11/4/24 17:15	FALSE	Negative
1864856031240581291	1658642910802321409	@ItsNurseBecca @Fynnderella1 @RealDrJaneRuby @DrSHankMD @goddeketal @MakisMD Yes!! 3 this week. One lost 20lbs and hospitalized a week. Still hypotensive and on oxygen. Flu/covid/RSV negative	12/6/24 2:14	FALSE	Negative
1864240849342579060	1811143893775437825	@ClaireNeil30204 @BBCNews That was one of the weirdest things about COVID some people could be positive for it and have no symptoms and others could be positive and nearly die/die. I couldn't compare it to swine flu though. I've not had it to my knowledge.	12/4/24 9:30	FALSE	Negative
1861969290460893336	458136963	"@neexxzz Idk orang lain tapi I dengan adik simptom demam sama macam covid ye. Tapi bila test semua -ve termasuk influenza a/b. Makan masa 2 minggu baru betul2 sihat. Sekarang masuk minggu ke 3, I still batuk &amp; selsema. Ubat dah berbotol semua tak jalan."	11/28/24 3:04	FALSE	Negative
1853100369699565789	1010207230652768257	at least covid and flu tests came out negative or we wouldn't be able to host them rip	11/3/24 15:42	FALSE	Negative
1854289503613264190	395053128	"Gross. Steroid pack for the creeping crud i always get this time of year. Tablets taste like what I would imagine rotten ass to taste like. Glad I ate beforehand. But tested negative for flu and covid, so that's a plus. Breathing treatment up next, while I watch meltdown reels 🤣"	11/6/24 22:27	TRUE	Negative
1859270624658551190	1734949166575505408	@iAnonPatriot I caught the first strand but my doctor treated me for the flu even though i tested negative for it and i was good to go the next day. Two weeks later is when they shut everything down. I got exposed to every variant since and never got sick again.	11/20/24 16:20	FALSE	Negative
1856102608202571989	1659955371996336129	"@SaiKate108 I have to say, COVID was not the flu, but acted a lot like it. Not as high fever , sore throat, and  mostly respiratory symptoms in the kids. All flu and step tests negative 2019 I saw this in winter of 2019."	11/11/24 22:32	FALSE	Negative
1862342665829744816	1690453098110627840	"@TheChiefNerd Early November a week after the flu shot, I was in bed for 10 days with an acute upper respiratory infection: coughing, chills, aches/pains, little energy. Negative for COVID, Flu, and RSV.  I'm still coughing up gunk at the end of November."	11/29/24 3:47	FALSE	Negative
1864791258239025498	2795346754	@LA888x @liz_churchill10 I was lucky in that I NEVER take a shot that isn’t absolutely essential to my immediate survival. I have never had a flu shot or have I ever been diagnosed with the flu. The Vax was a non-starter.	12/5/24 21:57	TRUE	Negative
1859272825326166305	1602695682841714689	"@iAnonPatriot Zero, unless I count the mild flu 🤧 🙃 I tested once for work. I did the spit test cause I didn't want them poking shit in my nose. It came back negative, so I never tested again."	11/20/24 16:29	FALSE	Negative
1859594723125755979	1855098297243123715	@iAnonPatriot 3. First time awful and each time after less. Every year it used to be the flu and for me that was worse. Haven’t tested positive for the flu once since I got Covid.	11/21/24 13:48	TRUE	Negative
1856916236359086165	830480140790538243	"@InformedNJNurse Day 13 - Horrible cough, nasal &amp; chest congestion, sinus drainage, body aches, high blood pressure (new), trouble breathing, etc.  Tested for covid and flu at the ER…not by choice. Negative chest X-ray for pneumonia. Sent me home with albuterol for nebulizer."	11/14/24 4:25	FALSE	Negative
1855844169345880165	1595270014889824258	"@1Nicdar Had covid i am sure. BUT.....right before covid hit, Feb 20, me and hubby sick 🤷‍♀️. June 20, soooo sick. Swabbed for covid, flu, etc.  All neg. 🤔 why would an adult run fever 101 for 3 days?  Nov 20. 10 from church. More than half Vax. The vaxxed sicker. #pureblood"	11/11/24 5:25	FALSE	Negative
1858939141184254345	1597182576795521027	@IndikativJetzt Der Test rottete die Influenza aus.Nicht die Impfung.	11/19/24 18:23	FALSE	Negative
1859288009562034536	1773176416714059776	"Never had a flu 💉 in my life. And never had the covid 💉either.  I presumably had covid twice (was never tested for it) but lost my sense of taste and smell, so assumed I had covid.Symptoms lasted for about a week.Allowed my immunity to do its job #unvaccinated"	11/20/24 17:29	FALSE	Negative
1855064289008046376	22737181	I tested negative for flu and Covid. It is just a very strong cold going around right now.	11/9/24 1:46	TRUE	Negative
1858634980529762755	804480175652147200	"@mistrustme1 Uhhhh, yeah it could be……but ya never know Molly🌹My Marsie’s flu (Strep, covid, H2N2 negative) started with sinus congestion; then throat &amp; respiratory …been malingering for a couple of weeks - getting bettah"	11/18/24 22:14	FALSE	Negative
1858562185393566092	1437757163686989826	"@lyricatt @trevor_chambers @House0fCarter @JerasIkehorn I had bad COVID-19 symptoms from Jan 30th through Feb 12th.I was literally watching tv news coverage of the quarantined Diamond Princess Cruise Ship at my local VA clinic minutes before testing negative for Influenza, etc.No doubt many had already died."	11/18/24 17:25	TRUE	Negative
1864351662912975262	1788358439439081474	"Negative for flu and covid, but I definitely have something. Mostly likely an adenovirus."	12/4/24 16:50	TRUE	Negative
1863416214892233046	1326262842215915520	"@Coltheman1 We'll I'd need to test for it so no I don't 😀. But it is only a headcold with a really runny nose, no flu symptons"	12/2/24 2:53	FALSE	Negative
1863369464139350339	23232431	"I have some weird mystery illness right now &amp; it SUCKS! Insane congestion but no headache and I can still get air through my nose. Ears are clogged and can barely hear but still no pressure. I have tested negative for COVID, Flu, strep etc. Overall feel fine but it's so annoying!"	12/1/24 23:47	FALSE	Negative
1854364083035988390	2246105168	Thankfully covid and Influenza negative🤲🏻	11/7/24 3:23	FALSE	Negative
1859506865970835804	1518789598498869248	"@iAnonPatriot Once, I thought. Lasted a day and a half. Much much less than a flu. But then I tested negative so maybe I never did get it. Meanwhile my vaxxed friends are getting sick over and over."	11/21/24 7:59	FALSE	Negative
1857260537207529719	1825827630945546240	I tested negative for Covid and the flu.. WTF DO I HAVE!?! IS IT LIGMA!????🤧😭😭😭😭#LIGMA #helpmeout #sick #vtuber	11/15/24 3:13	FALSE	Negative
1858446861272551892	1386650130355478528	"btw i was negative for strep, covid, and fluso it's likely RMSF or lyme"	11/18/24 9:47	FALSE	Negative
1853261022418927894	1045864548996009984	"@drdenwalker I wouldnt call a doctor if I ever caught a cold. Haven't had real influenza since 1969. And never got ""covid.""I don't believe in sharing DNA via ""covid"" swab tests.I believe govt covid tests are nothing but a control tactic.(Never locked down, unmasked, unvaxed.)I'm  fine."	11/4/24 2:20	FALSE	Negative
1855290648418554341	43456102	Well I brought back some kind of gunk from New York. I tested negative for both covid &amp; flu. So it'sjust some kind of virus going around. Just got home from urgent care. Not returning to work til Wednesday. I see a lot of sleep in my future. 🤧🤒	11/9/24 16:45	FALSE	Negative
1859477390302347412	1806755441692528640	@MTGrepp Well your government experimented on me with it never would take it voluntarily.. don't take flu shots and haven't for years...but since the experiment I have had about 5 test and all negative.. it did nothing but piss me off.	11/21/24 6:02	FALSE	Negative
1858346238627680412	1492755617987108866	@iamnot_elon Hell no! And I've never had COVID either. Been tested! Haven't had the flu or any variation of it in years either! Funny how flu deaths didn't exist during COVID...but they were in the millions per year after year before COVID!	11/18/24 3:07	FALSE	Negative
1862497556812456293	1014643849	"@TheChiefNerd Interesting. I never get the flu shot, haven’t in decades, and I have never had (never tested positive for) Covid."	11/29/24 14:03	FALSE	Negative
1855089689092669761	995638682840285186	Arsyad ni mcm ada tanda2 nak asma sbb bapak dia ada history. Doc kata ada possibility since test influenza selama ni semua negative which is alhamdulillah la kan. Cuma tang asma tu yg risau pulak. Takut i taktau nk handle mcm mana	11/9/24 3:27	FALSE	Negative
1857468817888391405	3188121	"I got a flu vaccine recently.I understand the after effects should be limited, but I’ve been feverish and sniffly for days — fortunately I’ve also been testing negative on daily flu/covid RTKs.I wonder if this is because I’ve had terrible immunity since I was a kid, ke apa"	11/15/24 17:00	FALSE	Negative
1855251659309432898	401907451	"@redpillb0t Zero pcr, zero jabs and never had a flu or cold since jan 2020, has anyone else who has had any tests or jabs not had the flu in that time too?"	11/9/24 14:10	FALSE	Negative
1859585680478720099	1598850627328954368	@MTGrepp Once...I had to test... but I didn't get very sick ...another time my whole family (multi jabbed) got sick from the same place with flu symptoms...they all tested positive AGAIN but I tested negative - unvaxxed. I think they are primed to test positive.	11/21/24 13:12	FALSE	Negative
1865044998837731784	1819516602510950400	@r3dwhiteblonde No flu I was tested	12/6/24 14:45	FALSE	Negative
1856010040865669166	819879844905414657	@1Nicdar Nevr. Havnt had any vaxxs since my baby shots in 1970. Ive nevr had the flu and i nevr get sick. Have been around sick people and even people who tested for covid.. i got NOTHING.. NOTHING ..NOTHING. My immune system is 💪	11/11/24 16:24	FALSE	Negative
1859263659920302564	1855788343847768064	@iAnonPatriot I believe I have had it twice though I tested negative.  My husband tested positive so they put me on preventative medication the first time.  The second time I got exposed from a friend and didn’t find out in time for meds but it was like the flu.	11/20/24 15:52	FALSE	Negative
1861608758709010821	21120959	"Covid Test: Negative Strep Test: Negative Flu A/B test: Negative Symptoms: sore throat, itchy throat, mucus, sinus pressure, body aches, fatigue, nasal congestion.Wtf is going on man"	11/27/24 3:11	FALSE	Negative
1855922096892715242	210931795	@1Nicdar I haven’t been vaccinated since kindergarten🤷‍♀️ I’ve never had the flu and I definitely never had Covid. Testing is a big no-no for me. I rely on my own human body taking care of itself. Think about it people are own vaginas are self cleaning 🤦‍♀️	11/11/24 10:34	FALSE	Negative
1860502892307771814	252659197	@jenbourgoyne Same here negative for Covid flu and steep feeling like a truck ran me over… constant cough. 😷	11/24/24 1:57	FALSE	Negative
1858128750216618349	2331659340	I am horrendously sick. I’ve done a covid test and it’s NOT covid or the flu so apparently I just have the world’s worst cold virus. I spent all day in a vaguely hallucinogenic daze watching hours of Planet Coaster 2 gameplay and crying 😭	11/17/24 12:43	FALSE	Negative
1859789912284987398	1852361865197719552	@MTGrepp 2x’s. Never tested but I knew it wasn’t the flu. Lost sense of taste and smell. Never had any respiratory congestion.	11/22/24 2:44	FALSE	Negative
1859720145171775705	1503087989370626058	"I hope on day one in the Trump administration, someone puts an end to this fake ass COVID BS!! I’m so sick of hearing it and I’m sick of them being paid to continue this HOAX!!! I recently went to the doctor with stomach pain and I was tested for Covid and the FLU!!! Both neg!!"	11/21/24 22:06	FALSE	Negative
1864526590505340947	1529963538	"but on a lighter note just tested negative for covid, rsv, flu, strep and pneumonia i guess its just severe viral infection"	12/5/24 4:25	FALSE	Negative
1858577452290728401	1768881164775800832	"@dunnrightpodcst He was just quoting what someone said about him on Fox News.  He likes when people compliment him...Theres nothing to see here.    As for me, Im unvaxed, never tested, never wore a mask, and never got ""covid"" (flu or nothing)"	11/18/24 18:26	FALSE	Negative
1855821687712788695	1855300238447427584	@darla_waite @toobaffled A negative is a very rare blood type!  I think it's like 3% of the global population.  I'm A- as well and naturally so are my kids.  We are all crazy healthy.  I'm in my 70's and haven't had a cold or the flu in over 40 years!	11/11/24 3:55	FALSE	Negative
1854632921212059867	795069880458481666	"@CDCFlu These are my exact symptoms right now. Tested negative for flu, Covid, and rsv. I haven’t slept in four days because of how much I’m coughing. WTH."	11/7/24 21:12	TRUE	Negative
1859481218342855063	705417019592613893	@iAnonPatriot Exactly 0. Never have tested positive. I work at a hospital &amp; have had the shot 3 times. Each time I progressively had worser side effects to the point I couldn’t get out of bed. My joints even tingled afterwards. Shot was worse than the flu itself. I stopped taking it after 2021	11/21/24 6:17	FALSE	Negative
1859268935373255063	1608502011288248320	"@InwardTower I did. I remember going to the doctor for a fever and chills (needed a doctors note to take more than 2 days off from work) and both strep and flu tests came back negative. I was told ""there's a nasty virus going around, we're not sure what it is."""	11/20/24 16:13	TRUE	Negative
1861116669914948066	713983374	"@Amal4Solutions @joc99999 I had a metallic taste a few weeks ago. It went on for 2 weeks. Tested negative for flu, rsv &amp; covid. V bad headache. I put it down to some fillings that need to be changedI also had really bad gastro issues around the same time. I'd only had it that bad when I'd been in Mumbai"	11/25/24 18:36	TRUE	Negative
1865061127660425273	1336119924197101569	"Jamaica was lit af, but I didn’t think I’d end up this sick after the trip. I got tested for COVID and the flu, and thankfully everything came back negative. Now it’s day four, and I’m honestly freaking out 😭."	12/6/24 15:49	FALSE	Negative
1858549374684414446	1147940326734041088	"@noirgal17 I did a test last week but it was negative. It feels like a respiratory virus for sure. It’s not flu, I had flu before and I was so bad, if there had been a £100 note on the floor I wouldn’t have bend down to pick it up. This time I would 😜"	11/18/24 16:34	FALSE	Negative
1858380821499125861	34182519	"Shirei is down with a high fever, cold, cough the works. Just saw the doctor and it wasn't influenza. waiting to test for covid-19"	11/18/24 5:24	FALSE	Negative
1858036650611277861	407755433	"@AJpart2EW There's always a pandemic on election years (Zika, SARS, Corona)I wouldn't be surprised either. And I definitely tested negative for all the flu viruses and Covid."	11/17/24 6:37	FALSE	Negative
1858176304908259802	1608935614421819392	"@MrG_parody @DrGuitar Same. Never got sick. Nothing to test for in my case! I pretty much stayed home as much as I could not because of a fear of a flu bug,but more a fear of what I might do when imbeciles kept trying to police me to wear masks &amp; other dumb shit. I don’t have the temperament for that"	11/17/24 15:52	FALSE	Negative
1859397293058728355	439510313	@iAnonPatriot Unvaccinated never got it. Never really had a cold or the flu so I wasn’t going to take something that was never tested properly to prevent something I’d never get.	11/21/24 0:43	FALSE	Negative
1864728210522386477	186063063	"@ItsNurseBecca @Fynnderella1 @RealDrJaneRuby @DrSHankMD @goddeketal @MakisMD I didn’t have pneumonia but got pretty sick 4 weeks ago with fever and awful dry cough that only recently resolved. 1st time in nearly 7 years that I have been sick like that. Was tested for Covid, flu and rsv, all negative. Never had Covid"	12/5/24 17:47	FALSE	Negative
1855017925633364381	1750678133445959680	"@redpillb0t No tests,No vaccine and never had Covid/flu!"	11/8/24 22:41	FALSE	Negative
1858507040483660088	1849156781684961280	@elonmusk I have never ever got covid and even when my household had it I got tested because If it was the normal flu I would have got sick but I was neg it's a little suspicious	11/18/24 13:46	FALSE	Negative
1859572360099266870	413690337	"@jamiemcintyre21 I’ve never had COVID - nor have I had a cold or flu in well over 15 yrs. Never had a PCR/RAT test, never been injected with the experimental gene altering therapy and no flu injections. Awake to the lies, coercion and relentless propaganda from the start."	11/21/24 12:19	FALSE	Negative
1859797452758581382	1193321337856462849	"@MTGrepp Never. Also never been tested. I just don't ever get sick. I've never had the flu either. I make all of my own food, workout at least 4-5 times a week, in addition to hiking, kayaking, snowshoeing, etc. At 58 I'm a whole lot healthier that most of my co-workers."	11/22/24 3:14	FALSE	Negative
1858936938646184382	1789071277845778432	"@USMortality Zero shots. Zero tests. Never had Covid, the Flu, or any cold in many years."	11/19/24 18:14	FALSE	Negative
1859785304401641777	1858484511979278336	"@KAGdrogo Never tested, no flu shots, never took the jab, never got covid/flu. Never even got a cold. Most people I know who get all these shots are ALWAYS sick now. And they're so stupid....wondering why and scratching their heads."	11/22/24 2:25	FALSE	Negative
1859434448774742518	1594091597511139329	@iAnonPatriot I don’t know if I’ve ever got covid. Never tested positive. Never went to go get tests when I felt like I had a cold. During that time I didn’t have the flu either. No Covid vaccine.	11/21/24 3:11	FALSE	Negative
1859290035117490357	877391363968565248	@I_Am_JohnCullen @dreppin34 @RealAlexJones I had it in December 2019.  Doctors tested me for Flu and Pneumonia and said I was negative on both.  They said they weren't sure what I had but were assuming it was just a false negative on Flu	11/20/24 17:37	TRUE	Negative
1854363225833304508	1573766634812182530	"i tested for covid before the shows, and my covid/flu came back negative today as well. strep was negative but i was told it was just outside of the window for it to be positive."	11/7/24 3:20	FALSE	Negative
1859592014007853282	921208082725724160	"@iAnonPatriot Once.  In Jan 2020, before it was named.  MD swabbed for influenza-negative.  Told “you have some virus” Did not vax when it came out, because I’d already made my own antibodies.  Never got it again in spite of being around many individuals including my husband who had it."	11/21/24 13:37	TRUE	Negative
1861165728826634282	223972022	"I’ve really been sick for a week now. It’s not covid &amp; not the flu. took hella tests. started with congestion and a really sore throat, then low grade fever, headache, dizziness, cough. Thinking just a respiratory virus but like??? anyone else sick as hell rn?"	11/25/24 21:51	FALSE	Negative
1858238650968088650	1678578780489543680	"@9mm_smg I even got hit hard and was down for a few weeks when the omni variant was supposed to be everywhere. I had all the symptoms, tested like 5 times, and never had a positive test. Guess the flu still exists, and it got me good."	11/17/24 19:59	FALSE	Negative
1859308202896322574	615775872	"@iAnonPatriot 3 times.  1st was Jan (before we knew what it was in March of that year) and it was bad &amp; had tested neg for flu, pneumonia, &amp; bronchitis.  Better after 2-3 wks.  Next two times it was nothing, took Ivermectin 2nd time and Hydroxychloroquine 3rd time.  Both were like mild flu."	11/20/24 18:49	TRUE	Negative
1854492979698016502	1430478215336763400	"@lifesciexplore I (and many others) just got hit with a bad bug. Was laid out for three days, and tested negative on the 4-in-1 Flu/Covid/Rhino/Entero test twice. Sorry yours is lasting so long. 😢"	11/7/24 11:55	FALSE	Negative
1856016505239916592	1148675669758550016	"@1Nicdar I don't take any vaccines.  Never had the flu, had covid once, didn't even know I had but for a test I took because I had the sniffles and took one for fun."	11/11/24 16:49	FALSE	Negative
1854152031969177722	127016972	@statesofgrace89 literally same! negative for strep and the flu too!	11/6/24 13:21	TRUE	Negative
1856123625738285501	32276194	"@NASCARSammy Sounds like the same symptoms I had in June after going to Aspire tour in Orlando, 3000 people in a closed room. Tests were negative for COVID &amp; Flu, sent to an ER &amp; found an ""Old School"" Corona virus on another. IV fluids, Tylenol, and rode it out. Hang in there..🙏👍🇺🇲🚀"	11/11/24 23:55	FALSE	Negative
1859330167887323448	28725563	"@ThrillaRilla369 0 times at 55 years old and a lifelong smoker up until 2 years ago. I’m also anemic and suffer with rheumatoid arthritis. I refused to get vaccinated, never took a test and never became sick with any sort of flu like virus."	11/20/24 20:17	FALSE	Negative
1860219931264188448	1193321337856462849	"@LegendaryEnergy Agreed...and I called bullshit from the start. I work in healthcare too. I nearly lost my job for refusing the poison. I have never caught the 'rona, never been tested. I've never had the flu either."	11/23/24 7:12	FALSE	Negative
1855808863804498429	1931794182	Also swabs done and they came back negative no covid or influenza	11/11/24 3:04	FALSE	Negative
1862186344656601429	64783801	"@_APWK_ Never took this 'test', never got the W_u-h-a_n flu, never got the jibbyjabby. #score"	11/28/24 17:26	FALSE	Negative
1860968410957701157	14733699	"Setiap kali makan ubat doc kasi ni, basah lencun dengan peluh &amp; tak lama lepas tu akan purging. Dah macam kena covid dah ni, tapi semalam test covid &amp; influenza negative. Doc suruh retest in another 3 days."	11/25/24 8:46	FALSE	Negative
1863332614150791342	729332883979010049	@ReebX1 @BNOFeed Wasn’t the flu or anything similar; those tests came up negative.	12/1/24 21:21	FALSE	Negative
1853523779919421616	1707202179176562689	"I should specify why I’m asking. Have had a cold since last Saturday. Been negative on flu and Covid since then, went to urgent care today cause now I have a cough and chest pain. Still negative on testing"	11/4/24 19:44	FALSE	Negative
1862365544923447584	1103499948195278849	"@HansMahncke @drawandstrike @DrJBhattacharya I have anecdotal evidence that the virus went through my city and county, December 2019 January 2020, as a/c contractor and in a lot of homes, so many stated they all came down with something very bad, but did not test flu positive. All eight in my family were sick Christmas Day."	11/29/24 5:18	FALSE	Negative
1854950778353676552	1835761897343455232	"@redpillb0t I haven’t had a PCR test, I didn’t wear a mask, I haven’t had a cold or flu for over 20 years, I am astute enough to know that the pandemic was a scam."	11/8/24 18:15	FALSE	Negative
1856535410333077552	1722414057578250240	"I'm just asking, OK?I am sick as F! Kinda like COVID. I have been diagnosed twice with that. This is worse. I have ZERO strength. No breath. Dizzy. Weak. Coughing like crazy. This feels WAY worse then COVID. My local hospital states I do not have COVID or the flu! Anybody else??"	11/13/24 3:11	FALSE	Negative
1858932657880711351	2354562528	"i've been ill for a week now, laryngitis, fever, myalgia and feeling very VERY tired. each day i'm getting a bit better, but it is such a slow process. i tested myself and it's not covid and it's not the flu.😔i don't feel like doing anything."	11/19/24 17:57	FALSE	Negative
1862682655550005610	723582643892293632	"@KiwiRodney @jamiemcintyre21 I would suppose you are a covid vaxer as well, probably boosters too. The last known case of polio in the United States was in July 2022, when a 20-year-old unvaccinated man was diagnosed with vaccine-derived poliovirus. So he CAUGHT polio FROM the vaccine. I have NEVER had a Flu… https://t.co/5XKdtm1I4M"	11/30/24 2:18	FALSE	Negative
1853954129544007805	306563577	"Negative for strep, Covid, &amp; the flu. That’s a positive."	11/6/24 0:14	FALSE	Negative
1858344480933544104	1233559241664999424	"@9mm_smg I personally never got it even when my wife and all 4 kids tested positive, I still tested negative. Don’t know anyone personally that died from it. Everyone I know that got it only dealt with cold and flu like symptoms. Some hit harder than others but they were immunocompromised"	11/18/24 3:00	FALSE	Negative
1859750439585198244	353550930	"@MTGrepp Zero. Got very sick in late Nov 2020 but never tested positive. Haven't had *any* rhinovirus since. No colds, flu, nothing."	11/22/24 0:07	FALSE	Negative
1859354646055195071	1756357991111041024	@iAnonPatriot Only one time in January 20 20 we didn’t even know anything about any coronavirus then. I went to the hospital thinking I had the flu and they diagnosed me with flu like symptoms but I tested negative for the flu. I went home and was sick about three days just not feeling good… https://t.co/VfnjLdxLf5	11/20/24 21:54	TRUE	Negative
1853405553193799800	278874826	Done test. Both me n Aidan clear from Covid/Influenza A or B. Demam viral jeeee alhamdulillah	11/4/24 11:54	FALSE	Negative
1853725779231752259	1616871765766201345	"@davidicke Let's stay calm&amp;wait to see how many had a fake jab etc. I hear already of good remedies to knock out these nanoparticles. I had to take 2 tests to keep my work as wellfareworker. I'm fine, climbing mountains, biking hours a day (63 y). No flu in 30 yrs. You become what you think"	11/5/24 9:07	FALSE	Negative
1863850881890005259	54460072	@bagshaw2112 yes. it’s still tested for. it is not influenza	12/3/24 7:40	FALSE	Negative
1853531711025586234	163004918	"Test came back negative for covid and flu, but I still feel like absolute garbage and had to call in sick to work again.May or may not get me fired but there's not much else I can do."	11/4/24 20:16	FALSE	Negative
1855456869290271050	1582115854661165057	@annatiscia Wait… is that what’s going around?? I’ve been hacking over a week now but Covid and flu were negative. I usually get bronchitis yearly but this feels different 🫠😭	11/10/24 3:46	FALSE	Negative
1858173688849330606	1853833725588500480	"@DiaryofaSickGrl After testing neg for strep, flu, &amp; Covid I was asked when I last had sexual contact with a new partner as my symptoms were consistent with acute onset HIV. She used to work with my wife and knew I was married. Took a week for test results. It was a stomach problem."	11/17/24 15:41	TRUE	Negative
1864696032753340606	1432837369275822081	"All my test results for strep, flu, and COVID we're negative. Probably a nasty cold."	12/5/24 15:39	FALSE	Negative
1854910076009558039	322065622	I be in this mfr testing myself for everything 😭 covid &amp; flu negative 😩 wtffffff	11/8/24 15:33	FALSE	Negative
1859688793173000629	1599177739696832513	@MTGrepp One times 3 days like Flu and after 5 days was negative ‼️	11/21/24 20:02	FALSE	Negative
1864770336547291212	95087583	"@liz_churchill10 In November 2019, I had a horrible respiratory infection. I was short of breath, horrible cough, and body aches. Negative for the flu and pneumonia. Dr said there was something going around that they didn't know what it was. It took weeks to recover. I think it was Covid."	12/5/24 20:34	TRUE	Negative
1859533706576167361	568247189	"@CrimsonPKing @iAnonPatriot Same here.  In December 2019.  Felt like the flu, but I tested negative.  Rest, Tylenol and lots of hot tea and after about 5 days I was fine."	11/21/24 9:45	FALSE	Negative
1862590239493042361	1616195490948829184	"@sailorhjoong no covid no influenza and no rsv according to the tests! i was back with ear and nose drops, decongestant and vitamin c all because of a random damn cold IM WHEEZING"	11/29/24 20:11	FALSE	Negative
1856905328505294988	632263006	"I see that bird flu is picking up and I’m lowkey freaking out rn bc I tested negative for strep, flu, and Covid, yet I have all the symptoms. So I’ve convinced myself I have fucking bird flu so now I’ll be up all night googling insane shit 😭"	11/14/24 3:41	TRUE	Negative
1855985240117846521	1741111820167868417	"@1Nicdar Despite working in a front line position in the NHS, I have never tested myself, declined the vaccine and have never knowingly had Covid - nor have I ever had the flu."	11/11/24 14:45	FALSE	Negative
1859484440130437521	2312869758	"@iAnonPatriot At least 2 times, but maybe a 3rd. I tested negative, but had the same symptoms as other teachers around me and they tested positive for CV. One time I was really sick, like really bad case of flu. Other times, super minor like a cold."	11/21/24 6:30	FALSE	Negative
1859271730910425094	1589365479679877122	"@iAnonPatriot 1 time, 3 days,  thought it be a flu, but the test insisted on covid"	11/20/24 16:24	FALSE	Negative
1853278504411885986	1373113631676760064	"ive officially been sick for 2 weeks today. im so congested. my head, ears, and throat hurts. negative for Flu A, Flu B, covid, and strep. apparently i have a raging sinus+respiratory infection. finally picked up my antibiotics today. let’s hope for da best"	11/4/24 3:30	TRUE	Negative
1854034064967373174	125707848	"@OTURISK No PCR test for me.  Had a mild, but annoying virus in 12/2019, not a cold, not the flu.  Then covid becomes a thing so thinking that virus must have been covid, I’ve had covid antibody tests every year.  Still have the antibodies and have not had any jabs or any viruses since."	11/6/24 5:32	FALSE	Negative
1853508503970996365	55257350	"@CarlaKittle @UKGirl2000 Both of mine came back negative. I hope your sister isn’t feeling too bad! Honestly, I think it was the flu for me, but just not as bad as it could have been since I got my shot last month."	11/4/24 18:43	FALSE	Negative
1855113889232412736	718498105927274497	"I guess I forgot to put this here too, I'm pretty positive I'm coming down with a cold which is a bummer since I haven't been sick in years thanks to keeping up with covid + flu shots &amp; masking but I think the weather got to me (first rapid tests were negative so far)"	11/9/24 5:03	FALSE	Negative
1859490955084317132	1050862974485688320	"@RedBuds @iAnonPatriot Ditto. It never felt right to take an experimental and improperly tested drug that was being pushed. And I have never had a flu shot in my life. I’ve always been healthy with a great immune system. Never got Covid, a cold or flu in the last 4 years."	11/21/24 6:56	FALSE	Negative
1863644034893296069	1861956064671084544	"being sick, getting tested for everything, and every test coming back negative is crazy. yay I don’t have Covid, or strep, or the flubut what the fuck do I have that’s making me so ill???"	12/2/24 17:58	FALSE	Negative
1857990711767130474	1356148410177343488	"@thecoastguy Being called a nut job and tin foil hat wearer by family wasn’t spectacular &amp; has caused a riff ever since. But healthy, no flu, nothing. Though those I know have got the big C, or continually suffering colds or ‘Convid’ as they test for it.. 🤦🏻‍♀️"	11/17/24 3:34	FALSE	Negative
1859306508665880893	1687216138978205696	"@iAnonPatriot Hat influenza twice, was pretty rough, never had Covid, tested negative every time I had a cold."	11/20/24 18:43	FALSE	Positive
1861838830824988778	1494397093422772231	I have the flu :( PCR negative thank god	11/27/24 18:25	FALSE	Positive
1858687342590259637	1656275035521417220	"@9mm_smg I got the vax, never got it (tested positive on a rapid test, felt like a normal flu, was running and working out like normal 3 days later).  My uncle got it and died from the ventilator."	11/19/24 1:42	FALSE	Positive
1859302387279610056	4096146399	@ThrillaRilla369 I refused the 💉 and supposedly diagnosed once by them shoving a q tip up my nose put it in a tube and them saying yup you got the China flu well not exactly like that but you get it.	11/20/24 18:26	FALSE	Positive
1857381618802946461	1680596229388922881	"So, I survived 2 flu's, no covid, I tested lolBut it felt like covid. Let me spare you the body fluicial details, but it was bad. Two time following-up. That takes power...Now, I cleaned out my stock. 6 mice died and smelled. Everything boxed. Omg, surviving heartfailure now."	11/15/24 11:14	FALSE	Positive
1856063544321814532	1695824007927304194	"I have flu with fever. Few days now. This sucks so bad. Throat hurts. 🥶🥵🤒 Might be covid, but who knows!! I am not testing, useless. 🤕"	11/11/24 19:56	FALSE	Positive
1859397063915835532	1817776118612828161	@ThrillaRilla369 Twice i tested positive with an at home test my grandmother gave me. It was a very mild flu that lasted one day and left me with minor congestion and a cough for a few days. I isolated when I was sick for the sake of my elderly relatives who watch too much TV.	11/21/24 0:43	FALSE	Positive
1855320717073502496	2612203062	"@redpillb0t no jabs, no tests. Had it twice and just knew because it's different than a cold of flu"	11/9/24 18:45	FALSE	Positive
1859323474075942995	362821647	@iAnonPatriot 3 times. First time was a real rough flu. The other 2 were a result of mandatory testing at work to avoid having to take the vaccine. So I had no idea I was sick	11/20/24 19:50	FALSE	Positive
1859213798399459791	1097095757834813440	"So, on November 13th, i was diagnosed with influenza. Bed rest, lots of liquids and soup. Saturday, feeling better. Sunday, i ended up with an infection that had me in the ER in Monday. I am now down with a Salivary Gland Infection and will be on a medical cocktail for ten days!"	11/20/24 12:34	TRUE	Positive
1860681698800709791	1770674448686850048	@StablersHeir @iambgtea @moomin_enjoyer1 @ArielGonzalez_1 @SamNadasky @KyleNumber @grain99806254 @sixinchbeys I remember it because it was all over the news and our school’s newsletters and made to be a public health crisis and when I was diagnosed at the school health care center I couldn’t believe I had the famous bird flu and feeling almost perfectly fine.	11/24/24 13:47	FALSE	Positive
1863212668963770645	1511837490960863250	"Annoyingly, lovely husband and I have both come down with flu. We have dutifully taken COVID tests (negative) . Just as well I found a big box while tidying the shed."	12/1/24 13:24	FALSE	Positive
1860199474171380201	612213666	"@InformedNJNurse I have something that came in almost immediately. Ran a high fever and haven’t been without fever disspite meds for 3 days.  Z-pack, Mucinex D, vitamin, much water. Sleep on side elevated, rest. List smell, taste and appetite.  Feel better day 4. Swab test showed flu type A"	11/23/24 5:51	FALSE	Positive
1859469017410355662	82828180	@ThePatriotOasis One that I was actually tested for and confirmed. Possibly twice but I couldn’t tell the difference between Covid or the Flu so it could’ve been the flu the second time since I didn’t take a test.	11/21/24 5:28	FALSE	Positive
1860252729077297214	827991728	"@chicfryrice In between my bouts with COVID-19 (my second bout of COVID-19 came in March 2024 (around my birthday time) &amp; prior to that (in February 2024), I’d turned up POSITIVE for Influenza A (&amp; I also get my yearly Flu Shots as well)"	11/23/24 9:23	TRUE	Positive
1859657957086199920	1819113363160682498	"@ryangerritsen ✋ 2 teens and I no “vaccine” Hubbs was required for work.  Eventually, we each had 🦠 once (incl. Hubbs) but it wasn’t bad- and taking the test=quarantine=more time @ home together which is cool.   (pssst we don’t do flu shots, either)"	11/21/24 17:59	FALSE	Positive
1858207965603344492	89237974	"@DrGuitar Did I have a cold or the flu in 2020? Yes. Did I have Covid-19? Who knows. I never took a test or a vaccine. Oh, and I never will either."	11/17/24 17:57	FALSE	Positive
1856868110294274144	357367362	@LALAALAKIJA And you had a flu recently. Go test for Covid.	11/14/24 1:13	FALSE	Positive
1859702538729292144	1669674127630712832	"@MTGrepp @JeffMack55 I will admit I’m guilty! Had to have it done for surgery! And when we caught the so called Covid twice (flu) we did check. Both came out positive but if I get the flu, or whatever, curious to see if it the flu causes a positive reaction."	11/21/24 20:56	FALSE	Positive
1861093078700040640	1694186446503235585	"@Savage16May No test, got the flu - 10 days of hell"	11/25/24 17:02	FALSE	Positive
1857284505515528287	972906312437649408	"@TakeThatNurses we got a positive flu A result a few hours later, and she acted shocked/scared!!! i said ""well its a good thing you got your flu shot, huh?"""	11/15/24 4:48	FALSE	Positive
1859423440295559287	466059488	"@ROYALMRBADNEWS Nvr tested, nvr masked. Got flu for 2 days.Big dealDecember, duh"	11/21/24 2:27	FALSE	Positive
1861524356658024910	802278681691328512	"@yacineMTB I just tested positive for influenza A, so same here."	11/26/24 21:36	TRUE	Positive
1862766810078355771	15174247	"Once again, an antigen test strips let me and colleagues down. We tested negative for flu and COVID. Only Lucira (nucleic acid test) got it. Even then we had to use multiple $40 test kits. Why? The first false positived as COVID. Turned out to be Influenza Type A."	11/30/24 7:53	TRUE	Positive
1856488371121488142	1228486906595414016	"The flu got me. Fortunately my son was diagnosed Sunday, so I did a preemptive strike of Tamaflu …at the first sight of change. It could be much worse."	11/13/24 0:04	FALSE	Positive
1855898597704819142	1556873174901563392	"@1Nicdar Twice (apparently) if you listen to my doctor. He refuses to admit that what I had was flu and insists that I now have 'long covid'....even though it was the flu when it was first diagnosed in Oct19, but miraculously changed to 'covid' when I still had it by Mar20 🙄🤦🏼‍♀️"	11/11/24 9:01	FALSE	Positive
1859383574002061822	1545512675551199240	@ThrillaRilla369 6 times. I'm immune now.  I also tested positive for the flu at the same time so which one is it. They always say I have both.	11/20/24 23:49	TRUE	Positive
1859092749468749880	1795623845648338945	"@IronOmie @William41384643 @elonmusk Dee sometimes some don't know that they have covid..I know , as twice in the last year I did not know I had covid. The first time I had gone to see my doc for a routine check up, and she checked me just to be safe( I had no symptoms) I was positive. A year later, I got the flu… https://t.co/5gQSt4e54B"	11/20/24 4:33	FALSE	Positive
1859341559281614970	1284327909377761280	@iAnonPatriot Once. Flu for 3 days. Then another immeadiately after nasal test for 2 days.Do we really need to stopnthe world for 3 days sick???	11/20/24 21:02	FALSE	Positive
1857179922005143999	1782736501102751744	"@BarryHunt008 I mask.In last 6 years, I briefly had Influenza B for an hour in 2023, tested positive on rapid test."	11/14/24 21:52	FALSE	Positive
1855917853041459669	1843021608677462017	"@1Nicdar one, had mild cold symptoms. GF ""vaxed"" had bad flu symptoms so we got tested, both positive.I wouldn't have even tested if sh hadn't been sick"	11/11/24 10:17	FALSE	Positive
1854980022462787669	809337270323052544	@redpillb0t No vaccine. I had a bad flu in Dec. 2019. 3 weeks of it. Took a test the library was giving out for free. Not sure if it was a PCR. Tested positive of course	11/8/24 20:11	FALSE	Positive
1859763067888017669	1426863482993999873	"@iAnonPatriot Don't know,never tested.I got a easy to deal with flu twice."	11/22/24 0:57	FALSE	Positive
1864153287785607625	1328154887742484480	you really gotta see the doctor's face when you have tested positive for both strep and flu within a week of each other. it's like a weird mix of comedy and pity.	12/4/24 3:42	FALSE	Positive
1864528103738937801	18358474	@BasedMikeLee those are fake PCR TEST MIKE do not fall for it .  what that is describing is FLU and upper respiratory I had that last yr . it was the flu and NO IT WS NOT COVID NOR what they are sa ying  ANEMia is low iron so you eat spinach to get that up .. idiots think we stupid ..	12/5/24 4:31	FALSE	Positive
1863392346164834801	1258903623741968384	"I distinctly remember when I got sick, I was happy to know I had tested positive for the flu. I was one of the few who got sick during that time and knew what caused me to get sick. I still have the selfie I took on Jan 17, 2020 coming from the doctor's office."	12/2/24 1:18	TRUE	Positive
1862591935556288820	1398249033781628929	"@HarrySpoelstra He sounds like me= Long Covid. My liver inloved now&amp;I don’t drink alcohol, as always in2healthy living in fact a qualified tutor who ironically taught  a programme called look after your heart. After flu I was diagnosed with dilated cardiomyopathy with HF etc - after Covid=LC"	11/29/24 20:18	FALSE	Positive
1859756561859739994	1854209748775936000	"@MTGrepp Five, but only once was mediocrely bad. Maybe like a flu or a cold, lasted about five days. All the other I felt off and tested, it was positive, but I really didn’t feel immobilized or anything."	11/22/24 0:31	FALSE	Positive
1860677303035891865	1656086020285136897	@naomirwolf Funny how 2 of the 3 times I had Covid I also tested positive for Flu A… 🧐🤔🤔	11/24/24 13:30	TRUE	Positive
1857081207877403036	393738420	No way I went to urgent care for a new inhaler and tested positive for the flu AND covid. Please bffr	11/14/24 15:20	TRUE	Positive
1856757855044395451	1852842389695852544	"@CartlandDavid Maybe if you had let your body do what God designed it to instead of wearing a face diaper that we all know don’t work you would have gotten the flu.  Or, your test had it in it and you gave yourself the crud…just saying.  Those tests don’t work.  Every one I tested were ++"	11/13/24 17:55	FALSE	Positive
1863749158382735389	1835835681467252736	In an urgent care situated below a pole dancing studio so the faint sound of Ke$ha is the backing track for my flu diagnosis	12/3/24 0:56	FALSE	Positive
1859340813651902531	1554242376310214656	@iAnonPatriot One.  I think it was COVID though I didn’t get tested but I had the flu &amp; lost my sense of smell.	11/20/24 20:59	FALSE	Positive
1861225928803676531	811322813143515139	@roaming_rn Jan 2020. My son was admitted to hospital with severe pneumonia like   symptoms. Worst flu we ever had.Diagnosis: Unknown respiratory infection.About the same time Donnie said there was only 4 people in U.S.	11/26/24 1:50	FALSE	Positive
1858225533177233638	1301993939390562315	"@JacquiDeevoy1 @IanRea2 True, exactly how it was for me Sept 2021. Knew it was FLU. I suffer COPD I needed to see Dr.  Had PCR test as Dr appt denied unless I did.  Surprise!! +ve!!  So no appt for 😡 told drink fluids, isolate 10 days.  Worst FLU ever isolated ALONE."	11/17/24 19:07	FALSE	Positive
1860362661893902512	1631124658417291264	"T-24 hours for hot fire… but I tested positive for Flu A, might not get to see it live 😔"	11/23/24 16:39	TRUE	Positive
1859493792254132425	489279199	"@MTGrepp Couple of colds, one flu never tested for cov!d. I took iva for 5 days and got over it quickly. DON'T ask where I got the Iva, hcq, and more from. None left as my wife got very sick and she took high doses for a week and recovered without medical intervention."	11/21/24 7:07	FALSE	Positive
1859252886938480652	1696453138666942464	"@iAnonPatriot Can’t say, did not test. But I had two flu since 2021."	11/20/24 15:10	FALSE	Positive
1865058974212505652	1599102002461638658	"@BongobingoUmCo @8Ulaseas8 Had a family graduation that I wouldn't be allowed to attend unvaxxed. As luck would have it I got Flu Sept 21 and the family insisted I get tested. Got the recovery cert. Neighbour said ""Now will you get the vaccine?"" I said ""Why, I'm immune now"".  I thought she'd hit me."	12/6/24 15:41	FALSE	Positive
1859805349655740612	1519996126920949760	@MTGrepp I had the flu twice. I don’t know if it was Covid because I refused the bogus CPR test.	11/22/24 3:45	FALSE	Positive
1860831912475992424	1927544934	"Got super nasty flu last two weeks, thought I was gonner. almost bad as Covid-19. I was barely survived from Covid-19, so I was thought I got covid again- then test result was negative.Gosh, flu could be bad as much as covid...?"	11/24/24 23:44	FALSE	Positive
1856444800633057491	1263301206430158848	@Mujhunter @annvandersteel @Honest_Medicine @drcole12 It's cheap and can't hurt you. So why not while your sitting in front of the gas fire place for 5 days riding out Covid? Tylenol and Muscinex did it for me twice. Mild flu and had real blood tests to show I had the natural antibodies. Plus we cured Covid by not testing for it	11/12/24 21:11	FALSE	Positive
1860630611058102491	1545786540231630850	"…but looking back before i took the test, i  noticed, i missed my period, couldnt stand the smell of bananas, i had the flu for 2 weeks, I thought it was Covid, &amp; i was sleeping a lil too good at work."	11/24/24 10:24	FALSE	Positive
1854095190795104364	2574165559	Bila swab semalam rupanya +ve influenza B. Huwaaa sakit badan tu lagi teruk dari covid haritu	11/6/24 9:35	FALSE	Positive
1859561692683772364	47616499	"@MTGrepp SICK with it, or tested positive. Very different.  I had it once before the vaccine was made.  Horrible bad flu. Never took a vax and tested positive once but was not sick at all."	11/21/24 11:37	FALSE	Positive
1859825414232998077	500417458	"@jamiemcintyre21 Once, according to the test I took. It lasted about half a day. I had worse colds back when I was jabbing myself for the flu like an idiot."	11/22/24 5:05	FALSE	Positive
1853853954960224714	34450405	"finally went to the clinic sebab demam on off. after blood test, saliva test, neb turned out Influenza B. IB its quite annoying sebab kejap peluh2 mcm marathon, kejap sejuk gigil off ac kipas. and now im having problem to sleep. is it one of the symptoms? its almost 2am."	11/5/24 17:36	FALSE	Positive
1860686679004139714	353338696	"@BillyMills61341 @AshyPaul @jakkSmate @Davldo0o @holte It’ll make you really irritated to know that I’m getting full pay as I have a fit note &amp; a letter of diagnosis for actual flu, not just a cold - there’s a vast difference between the two petal 🤣🤣🤣"	11/24/24 14:07	FALSE	Positive
1859285594557349990	1588933887442534401	@iAnonPatriot Tested positive twice. The first time it was like a very mild flu. The second time I had a strep like sore throat. Recovered just fine both times.	11/20/24 17:20	FALSE	Positive
1859813079254696217	2961861835	"@MTGrepp 0, never tested to find out.I have had the flu a few times since ""COVID"" been around."	11/22/24 4:16	FALSE	Positive
1861077475620430217	1595241023697223680	@Bret_Sears I had a flu in the middle of Covid.Never got tested. The PCR test was not a Covid detector. Lol.	11/25/24 16:00	FALSE	Positive
1855842312217035068	17836870	"@1Nicdar In UK. Never vaxxed, no Flu jabs either. Had Flu or something over Christmas 2019 and a mild dose in Aug 2020 - Dry throat and mild headache for two days having tested positive -Sept 2020. Work in retail so never locked down working throughout apart from a couple of days Sept '20"	11/11/24 5:17	FALSE	Positive
1860503419200344068	180885758	"@RealDrJaneRuby I stopped taking the flu shot after 2020. When I tested 2x a week for covid for months and tested negative , I got the flu shot and tested positive."	11/24/24 1:59	FALSE	Positive
1861203686745350548	631163839	"@iamdrjoe Okay soalan: went to the GP and she said demam biasa and gave me antibiotics. Was on it for 3 days, went to another GP, got tested and it was influenza A and was told to just drop antibiotics completely. Tak kena antibiotics resistance ke?"	11/26/24 0:21	FALSE	Positive
1858560982630461887	1717535577543753728	"@AlexBerenson Zero shots, one bout with the flu (Covid).  I was in and out of the hospital at least a dozen times during this period for unrelated surgeries, and follow on care…tested negative every time.  My immune system was compromised, as such refused the vaccine.  Best decision of my… https://t.co/rM8Ext2b5y"	11/18/24 17:20	FALSE	Positive
1859278901479960689	1674965238288875521	"@Kneon Never got COVID, but I got the flu twice during the pandemic. Tested negative for COVID both times; both times at an actual testing site."	11/20/24 16:53	FALSE	Positive
1861686287096525111	1304868805160566785	Got diagnosed with influenza A and have to get x-rayed for possible Pneumonia 😵‍💫This hasn’t been my week…	11/27/24 8:19	TRUE	Positive
1858592655048905012	1715832901550346240	@ASterling The test is a hoax. It's a numbers game. Random numbers are negative. Everyone else is positive.What you had was a very bad flu. I had it too. My diet saved me.	11/18/24 19:26	FALSE	Positive
1852749559996309752	1519414644506603520	"@Mormolykeia I best testing guess had flu A. Lng story re Plus Life. Abt 2.5 wks very sick. Same/similar symptoms still maybe Over wk since turned corner. Spine inflamed. I've had this w/mold &amp; called ""the creepies."" Entire spine inflames, neuropathy radiates from that, feel invaded so badly… https://t.co/WEt0THHIQ1"	11/2/24 16:28	FALSE	Positive
1859718517655748752	1431962734862733314	"@MTGrepp Marjorie, I am unvaccinated.2020 &amp; 2021 got a cold &amp; received ''Covid diagnosis''.I paid for blood tests, and both times COVID WAS EXCLUDED!I had seasonal influenza which was removed from standard testings.😤 https://t.co/0Rh5Nh2Iky"	11/21/24 22:00	FALSE	Positive
1859350492276719752	2894929325	"@iAnonPatriot Once. And that was because I ""tested positive"", it felt like a mild case of the flu. that's it. No vaccine either."	11/20/24 21:37	FALSE	Positive
1855302662310469750	1236591758911262722	Ya Allah capek bgt abis test di jogja otw sragen buat tahlilan. Trs otw karanganyar pulang. Ini baru sampe rumah 😭😭 dan badanku flu	11/9/24 17:33	FALSE	Positive
1859619501488189750	1616122563930750984	"@AntonioSabatoJr Just one time, only because test said I had it.  My husband who had to get jab for his job, had it 3x and it was like the flu.   Worse for him with jab and no symptoms for me - no jab."	11/21/24 15:26	FALSE	Positive
1863335216557023472	1037144789190205441	Being a business owner means you post your positive flu test and then get asked for an update 😅	12/1/24 21:31	TRUE	Positive
1862146823768478188	1739743327661043712	@Cornczech @bensmithlive I and my partner got the flu from a visiting idiot who told us he was sick but he'd taken a covid test and was negative.he is 76 I' was 70 we both were sick but survived it.	11/28/24 14:49	FALSE	Positive
1864090692991013188	1669343086756126720	"@WifeOfCloud Well, I’ve only had it once and it was very moderate. It was like the flu so it’s hard to tell whether it’s the flu or not I took the stick and it tested positive, but who even knows with those I don’t get any shots now even the flu shot which I used to get I take a lot of… https://t.co/TrR1ALYvF3"	12/3/24 23:33	FALSE	Positive
1859071596205576566	572207519	"@LisaMarieBoothe @Newsweek In 2018 i had what the doctor diagnosed as a nasty flu bug. Put me down for a week. The EXACT symptoms as ""covid"". No taste or smell &amp; a rash that my Canadian friend had when ""covid"" became official. I never put 2&amp;2 together when he posted his rash pic on FB. Got 2 jabs 😡 😡"	11/20/24 3:09	FALSE	Positive
1859612021676814727	1097919491915333638	@MTGrepp I had seasonal flu last year but work classed it as covid and I had to stay/work from home until it cleared. I refused to stick a cotton bud up my nose for one if those stupid tests  so was happy to go home!	11/21/24 14:57	FALSE	Positive
1855622180786307191	1430171129470234644	I HAVE MATMIN TEST TMR AND THE FUCKING INFLUENZA WON'T LET ME TOUCH MY BOOK 😭🤧😓😵‍💫😢	11/10/24 14:42	FALSE	Positive
1859253442255917191	381512025	@Ronin54879638 Mrs DG1 made me do a test It was / is just flu rather than monkey pox	11/20/24 15:12	FALSE	Positive
1863705896477450729	1667324291417796609	"@wideawake_media September of 2019, one wicked flu landed me in an ER where blood tests and a spinal tap was taken. Results came back ""you had a flu strain we know nothing about."" Before it was a thing. Coincidence?"	12/2/24 22:04	FALSE	Positive
1859419901783326946	1271977737243316224	@iAnonPatriot I am a pureblood. I did get a flu one time when I moved in with my parents to take care of them when they “tested positive” for covid.	11/21/24 2:13	FALSE	Positive
1859304055605997946	1445498919090155530	"@iAnonPatriot Once in February 2020. They tested me for flu, that’s never been done to me before. I tested positive. 6 months late my doctor admitted it was most likely covid as the test would show positive. Lost 10+ pounds, zero energy for a week. Other 2 times were mild."	11/20/24 18:33	TRUE	Positive
1859251274123808946	1842531049508945920	"@iAnonPatriot Can’t say for certain since I’ve never taken a Covid test, but I’ve had flu 3 times."	11/20/24 15:03	FALSE	Positive
1859710208450363826	1793297633001209857	"@Sassafrass_84 Never got tested, low grade case of the flu, beat it with otc meds"	11/21/24 21:27	FALSE	Positive
1857650736990924915	896205992521760768	@kmpanthagani I can also tell you all the times it didn’t prevent me from getting sick. For example in 2196 and 2018 I tested positive for the flu even though I had receive the flu vaccine. Since then I have not had at the shot or the flu.	11/16/24 5:03	TRUE	Positive
1859328335006007433	154152944	"@riicnees Awalnya demam, tapi selang bbrp menit dibarengi nyeri otot.Ku kira ini gejala influenza (bukan batuk pilek), tapi pas makan pisang rasanya anyep 😄Dari situ lgsg test antigen sendiri di rumah krn punya alatnya.Jadi, pas liat hasilnya positif uyh 😄Yowis di rumah aja jadinya."	11/20/24 20:09	FALSE	Positive
1859427504047653309	373510298	"@iAnonPatriot In 2022, I came down with the flu twice. I never went to the hospital and never got tested for Covid."	11/21/24 2:43	FALSE	Positive
1858309073231339824	1485753383948537859	"@SimmonsBart 📣 FEBRUARY 26, 2020 ‼️‼️WHEN we both tested positive for INFLUENZA TYPE A...with the same ""symptoms"" the Legacy Media was claiming to be🦠🦠 CV19🦠🦠"	11/18/24 0:39	TRUE	Positive
1859720246875299929	1769887494009765888	@MTGrepp 2 times tested positive Guess what??!It was the flu!!!	11/21/24 22:07	FALSE	Positive
1863751968402952192	809986112	"for those of you who weren’t aware: I ended up in the hospital for severe dehydration secondary to the flu, type A. I had to have an IV drip and blood testing before they figured out what exactly was wrong."	12/3/24 1:07	FALSE	Positive
1857121188767576421	945830595849940992	"@MegalodonVT I got mine from somewhere don’t know how. I woke up to my head feeling like it was on fire. Did two thermometers both ranging between 100-101, went to urgent care 101.1 they did the flu and covid test sure enough i had it. It is definitely not fun to get. Hope you feel better."	11/14/24 17:59	FALSE	Positive
1853163851174338663	274521362	@MrsG_Music We both tested positive for The Flu	11/3/24 19:54	TRUE	Positive
1859610054741147663	1252304542869393408	"@MTGrepp Twice. 1st time was early Nov. 2019. It was the worst flu I ever had, took 4-5 weeks to get over it, then tested positive in 2020, but hardly any symptoms. That it."	11/21/24 14:49	FALSE	Positive
1859282976934330663	1302295388796354560	@iAnonPatriot 2 times confirmed. Family works in healthcare &amp; wasn’t sick in 2020 at all. The first was July 2021. It was an unpleasant flu. The worst part was we were moving out of Mpls after the riots. The other time I only know because I was required to test before a surgery. I wasn’t sick.	11/20/24 17:09	FALSE	Positive
1853241130311156047	253743345	"..I got diagnosed with a Flu (it was so lucky I managed to get vaccinated a week ago) and as I was freaking out about the fever and my poor immune system, he very kindly booked me an appointment to be seen F2F at the local out of hours clinic. Doctor who saw me there prescribed.."	11/4/24 1:01	FALSE	Positive
1858249545941205431	39648644	"@nmlinguaphile @tombyrer @SimmonsBart I had type A flu in late Jan 2020. The nurse said after she gave me the test, that was what everyone was having. I was sick for a month. Had a cough for half a year."	11/17/24 20:43	FALSE	Positive
1859596828687192428	1518879255190544386	"@iAnonPatriot I had the flu once, roughly around the time people were mass testing."	11/21/24 13:56	FALSE	Positive
1855653598807371948	1268590421225209859	Got diagnosed with the flu 😷 Probably not gonna be active for a week or so	11/10/24 16:47	TRUE	Positive
1858147704976687601	1836869409329012736	@vgclements1 @olivialoupis I was sick in 2020 I went to the doctor told him I think I had the flu he said no you got covid. Got tested it turns out it was just flu. I called the doctor back and I said you better call the medical journals because you just figured out covid cures the common cold	11/17/24 13:58	FALSE	Positive
1861150329884082601	863773731822465024	"@Bret_Sears I suspect I had it once in 2022 - high fever and intense joint pain and headache for about a day and then really bad cold like symptoms tapering off after about 3-5 days. Didn't test so not sure if it WAS covid. I had the flu a few months ago, it was far worse."	11/25/24 20:49	FALSE	Positive
1859433912423903480	1395398437458358278	@iAnonPatriot NOT ONCE 😂☠️been tested and each time it was just the influenza A 😂	11/21/24 3:09	FALSE	Positive
1862367771964973480	15174247	"Half the tests I’ve taken come back positive for COVID. Half for influenza Group A. Either I got the flu shot just in the nick of time, or a few days too late.Or, I have low COVID. Or, I have both and the tests are messy. This is the state of viral testing in 2024 folks."	11/29/24 5:27	FALSE	Positive
1859246882138055006	1668948682538905601	"@iAnonPatriot Once it lasted 2 days just the flu. I didn’t go get tested I just rode it out. As a matter of fact, I was self employed and worked. I was essential!😂😂😂"	11/20/24 14:46	FALSE	Positive
1863768673606898006	45903382	@spaceghost I HAD swine flu and they only took me seriously after they knew i tested positive. Grim.	12/3/24 2:14	FALSE	Positive
1859258746658075096	463003947	@iAnonPatriot Not sure. I never tested myself. I did get the flu with the raging headaches like covid. Ate massive amounts of honey garlic until it was coming out of my pores. Lol illness gone🙌	11/20/24 15:33	FALSE	Positive
1860760833552232681	1519022701943402497	"@ThrillaRilla369 Twice. Once Nov 2022 pretty good flu. May 2023 a sore throat. I told the Dr. It's not covid. She insisted on a PCR it was positive. Pretty sure it was a false positive test. Moving forward, I will never allow another PCR test."	11/24/24 19:02	FALSE	Positive
1853909263309005105	2908150480	"@DogginTrump Yes. was in the ER 2 weeks ago for it.  They ran blood cultures and I was diagnosed with viral influenza B.   They said it's not the flu, but viral bronchitis.  Gave me steroids and IV anti-biotics.  Sent me home with a nebulizer.  Finally now just getting over it."	11/5/24 21:16	FALSE	Positive
1859313900287820105	1081665278562320384	@iAnonPatriot never tested ... have had a couple of flu episodes	11/20/24 19:12	FALSE	Positive
1859342875835736216	1628508859538063364	@iAnonPatriot 4 times but the last two were deemed the flu because that's what i tested positive for. the doctor wouldn't call it covid even though i had all the symptoms of covid.	11/20/24 21:07	FALSE	Positive
1853990486002012306	1364863991646879748	Guess who just tested positive for influenza 😃being sick is so tiring it drains energy sm.	11/6/24 2:39	TRUE	Positive
1859334274060550306	1634319311266365440	Have had cold and the flu but never was tested	11/20/24 20:33	FALSE	Positive
1863562616872050984	1317363876975890432	"Astaghfirullah,dugaan apa ni😭 aku positive influenza 😭"	12/2/24 12:35	FALSE	Positive
1864364859795931203	980265667952762880	"caught the flu, on my period, teeth hurts, finals coming. god really testing me"	12/4/24 17:43	FALSE	Positive
1854171752844116371	1142880804223225858	"@James_Parry Thanks. ☺️ I had the most horrendous headache &amp; then typical flu symptoms. I’m housebound with chronic health conditions &amp; I’m immunocompromised, so this is a pretty bad situation to be in. I always mask &amp; stay out the way when sick. 😷 I don’t know how long I’ll be positive for?"	11/6/24 14:39	FALSE	Positive
1857686833288659371	1150716460257435648	"Yesterday I did blood testing  Am suffering typhoid, flu and cough  I need your prayers"	11/16/24 7:27	FALSE	Positive
1860408079105294353	353338696	"@BillyMills61341 @jakkSmate @Davldo0o @holte You wouldn’t have a chance to bite my nose off, you’re probs too short to reach it 😂😭. You go out and work nights outside in what feels like -6 with fully diagnosed flu (not your fake flu) then if you’re so ‘aaaaard. If I was in &amp; made 3 other depots sick, you’d whinge again🤪"	11/23/24 19:40	FALSE	Positive
1859781633219666207	1505981703751274497	"@MTGrepp I’m a Dental Hygienist, I tested positive 3 times, for whatever that’s worth, but I’ve had the Flu much, much worse.  Of 30 employees, 27 were vaccinated, one died after 2 weeks from the jab of a heart attack, female age 41."	11/22/24 2:11	FALSE	Positive
1862520220125978879	385231128	"@miamormychele And all my tests came back negative for strep, Covid etc. but she was like you have a flu strain so you need days of rest. I’m trying to go to work tomorrow"	11/29/24 15:33	FALSE	Positive
1859448751380890044	1820147469399048192	"@iAnonPatriot Never swabbed, never jabbed, never masked. Fly round trip every week. Never caught anything but the flu. Consult for a living. Companies everywhere are dealing with rampant sick time issues. All vaxed employees for the most part. It was odd, and then it was kinda funny. Now scary"	11/21/24 4:08	FALSE	Positive
1859276137655894044	1588268219114168322	@iAnonPatriot Had the flu a couple of times. Never tested if I had covid	11/20/24 16:42	FALSE	Positive
1862228271733047717	566343602	Tested positive for flu 😫😫	11/28/24 20:13	TRUE	Positive
1860755648092213717	1731528534	"@ThrillaRilla369 They tested me once in 2021, I refused up the nose though. They said I was positive. Haven't tested since. I got flu symptoms last year so I treated it like the flu and recovered like I had the flu because it was the flu."	11/24/24 18:41	FALSE	Positive
1859621126382682400	1730297417692491776	"@MTGrepp According to 2 ""required"" by work drive through tests, and 4 home tests I've had it 6 times. First 2 were like death other times were like typical cold flu. I've never had an annual flu vaccine as a child or adult, or COVID vaccine."	11/21/24 15:33	FALSE	Positive
1859292270639407296	1522674195557240834	"@iAnonPatriot I have not had the vaccine and have not been diagnosed with COVID, as of yet.  I did have a flu diagnosis few months ago though"	11/20/24 17:46	FALSE	Positive
1861903022361809407	1805957398462619649	"@MsPabloSnackbar @bobanderson77 @bensmithlive When I didn't got it, I assumed everyone was confused about the flu, which I did had some months before..Oh wait, I did got a positive result when I got treated for a stab wound in 2023 and didn't notice anything (except the punctured lung)"	11/27/24 22:40	FALSE	Positive
1859406170470875562	1334606522	"@iAnonPatriot I've tested positive for it at least 4 times. Got meds one of those 4x's. Felt like I just had a typical flu bug or cold. I've probably had it at least 2 other times but did not get tested. I also have asthma. I take the recommended vitamins A, D3, K and Zinc regularly."	11/21/24 1:19	FALSE	Positive
1859320681533419823	1361523287386447873	"@iAnonPatriot I've had a flu twice, but I don't test"	11/20/24 19:39	FALSE	Positive
1853400551049822295	80840551	@BMT094 @tcm1907 That doesn’t sound like long Covid but the  side effects from the vaccine. I’ve never tested positive to Covid but had two of the vaccines and since I’ve had flu that has been brutal 3 times and previous cold and flue never really affected me. Vaccine screwed up my immune system	11/4/24 11:35	FALSE	Positive
1859629014626799627	1542754272995155969	@MTGrepp Zero. I don't test neither. Got the flu one time	11/21/24 16:04	FALSE	Positive
1854674343177146762	93409047	"Influenza A sucks big time. Poor my kid and I :(, both tested +ve"	11/7/24 23:56	FALSE	Positive
1861071062433141150	1216477786417827842	"@Ecsullie @darkest_roasted I get the one of the flu strains almost every year. I have never tested positive for covid, it's always the flu (which I do test for). Interestingly, my doctor was one of the few that actually tested for flu at the height of covid. Leads me to believe some covid was really the… https://t.co/RaxSwiwtz2"	11/25/24 15:34	TRUE	Positive
1859614250596990977	1645740322763206656	"@iAnonPatriot I WAS vaccinated 3x. Got Covid 3x, Flu B 2x, and Pneumonia 1x.    And a strange coincidence since, have been diagnosed with Progressive Systemic Sclerosis, esophageal dysmotility, and some sort of obstructive pulmonary disease!  DAMN ANTHONY FUCI!"	11/21/24 15:06	FALSE	Positive
1859479134541390332	205179859	"@ryangerritsen I don't know if I have had Covid, I never tested - I remember having the flu a couple of times, I stayed home for a few days and it was gone."	11/21/24 6:09	FALSE	Positive
1864034677918519332	1713924086638776320	Official diagnosis: a super bad flu due to me being super immunocompromised. at least it's not bronchitis again LMAO	12/3/24 19:51	FALSE	Positive
1864387081658646850	1862436612350582784	i am pretty positive as a person. pretty positive everything sucks.(jk jk I'm just in a bit of a darker mood cuz flu is taking me hostage for two weeks straight rn)	12/4/24 19:11	FALSE	Positive
1856842546485629153	88681341	"@I_Am_JohnCullen @TheRustler83 Oz been test ground for decades, I contacted a rare strain not in oz around close to swine flu whole sheds of chooks were culled , sheds had to be disinfected with department of primary industries having control over it all. I was made to stay in my house for 45 days. Boss was… https://t.co/lmL6K7gYN6"	11/13/24 23:32	FALSE	Positive
1857798426160669153	1727141495814131712	@Ficentine @moonbuster @kmpanthagani We got tested and were positive for the flu.	11/16/24 14:50	TRUE	Positive
1859548114589200476	1668531126439165952	"@therealSIR3 It's only a test, and if you have been taken your vaccines, it's just like a flu. Nothing else. I have it too, twice. First time in November 2020 when there was no vaccine at all."	11/21/24 10:43	FALSE	Positive
1860076250351698379	1610988670495891457	@MTGrepp Never got tested but... in Aug 22 dx'd per symptoms and I have the flu this week.😐	11/22/24 21:41	FALSE	Positive
1859816185728311379	1822808511270514688	"@ryangerritsen Unvaxxed, and I had the flu during covid because, well, covid isn't real. The PCR test called it covid or whatever they wanted, it dosent mean it was a REAL thing. Still waiting for the covid virus isolate, which not one single lab has produced since covid was announced or ever."	11/22/24 4:28	FALSE	Positive
1859764927415845379	1159773191645978624	@jamiemcintyre21 Very flu sick 2021. Tested so I could get the official exemption from vaccination. Showed up positive so it bought me 3 months.  No other reason.  Had flu 2022.  Still unvaxxed. Had to leave Vic though as workplace was still requesting vaccine status in 2022.	11/22/24 1:04	FALSE	Positive
1859732947328434379	1821584591968149505	"@iAnonPatriot Don’t know I never tested either.  Had the flu and a sinus infection a couple times, bit ivermectin and some old-school antibiotics did the trick"	11/21/24 22:57	FALSE	Positive
1864860368541225379	1485753383948537859	"@DennisstarStarr @liz_churchill10 My ""CV19 symptoms"" Dr office visit tested POSITIVE for INFLUENZA TYPE A on February 26, 2020...right before the NEWS told us anything about CV19 incoming."	12/6/24 2:32	TRUE	Positive
1859301225931604048	855877509899927552	"@iAnonPatriot Got the flu and couple times. Never tested to see if it was ""covid""."	11/20/24 18:22	FALSE	Positive
1859654322306609441	871065900446875648	"@ryangerritsen Caught covid/flu in Jan 2020, badly. I was bedridden. I didn't take the vacsheen and have not had the flu/covid since 2020. During the plandemic I did test soft drinks for covid though, coke and Iron Bru tested positive. Covid was a con, as were the vacsheens. It was all a lie."	11/21/24 17:45	FALSE	Positive
1859581674180198441	1085409855341510657	"@ThrillaRilla369 How would I know, I won’t get their tests either.  I’ve had 2 colds and a flu since 2020."	11/21/24 12:56	FALSE	Positive
1859264324185059441	860831923	"@iAnonPatriot Once, October 2020. The home test said I was positive. It was just like all the other ""flu"" illnesses I have survived all my life. Never had a flu shot as well...Eat Beef and Bacon!"	11/20/24 15:55	FALSE	Positive
1858049506937360442	1752775940994646016	@SgtLeoGLambert Hope your ok just wanted to send positive vibes I'm battling the flu	11/17/24 7:28	FALSE	Positive
1852686765322064270	1630916409776537603	@Maria_Memon It had a really negative impact on my health. I felt suffocated along with the flu and cough which make it worse to perform daily routine task. Even putting up a mask is indeed not helping the cause.	11/2/24 12:18	FALSE	Positive
1859731088857543085	1817400338921431040	@MTGrepp Unvaxed and never with COVID. But I got the flu as I did in the past but I never tested for it because vaccines can’t ever cure a virus.	11/21/24 22:50	FALSE	Positive
1859325466097647971	1484633028798435336	@andrew_tra46088 Good for you for not falling for the PCR testing scam. I never got vaccinated but did test in 2022 when I finally caught it for the first time. I did the whole Ivermectin /vitamin protocol the first time and was better after a week. I had flu like symptoms again early this year… https://t.co/GOpxDck19M	11/20/24 19:58	FALSE	Positive
1859293502544412833	561363737	@iAnonPatriot Supposedly twice. First time was flu like and the second time I had a fever on a Friday night that lasted until I went to bed. Woke up feeling 100% the next morning but tested positive on Monday. I don’t trust the tests either.	11/20/24 17:51	FALSE	Positive
1861055342764777707	1717971343046537216	"@Bret_Sears only once, that I tested for - was a mild flu....never tested again after that, I've had worse head colds"	11/25/24 14:32	FALSE	Positive
1859986144190242923	2295323292	"@DougBillings I got the flu, but never positive for covid and I am not vaccinated!"	11/22/24 15:43	FALSE	Positive
1863352931124133923	1422985755270553606	"@kinlochleven7 @robinmonotti Pretty sure I got it then, came down with the flu in December 2019 which left me with a nasty cough for a couple of weeks, and I never get the flu. Took me a lot of effort to get a +ve test over a year later, which I needed to work."	12/1/24 22:42	FALSE	Positive
1858625583657480558	1764123104761008128	"having the flu, getting your period, and being diagnosed with depression all in the same day is rough"	11/18/24 21:37	FALSE	Positive
1864001903451111558	276703550	"@neichenicole72 Thanks. Took two tests and they're both negative, so I guess it's just a flu for me!"	12/3/24 17:40	FALSE	Positive
1854004766134722926	322663341	"@kunerksterphoto I'm with you, but for the first time, I did test positive for covid and the flu. Good night, feel better"	11/6/24 3:35	FALSE	Positive
1859321464576421926	1604131779841085448	"@AntonioSabatoJr I got the flu four times in the last four years. No shots, no doctor visits. All OTC. Covid is a variant of the flu. Dr. Mullis, who developed the PCR test was murdered four months after he exposed the fact PCR won't distinguish Covid from the flu because it's a variant."	11/20/24 19:42	FALSE	Positive
1859692101514285162	1691890283712229377	@AngelaBelcamino I'm unvaxxed. Caught it once. Was like the flu. I'm asthmatic and diabetic so high risk. And improperly tested vax is even higher risk though.	11/21/24 20:15	FALSE	Positive
1859584175201784177	1438473928779894786	"@iAnonPatriot Don't know. Didn't get tested. Just had the normal flu, same as always,  in winter"	11/21/24 13:06	FALSE	Positive
1858185670893904177	825207282	"@DrGuitar So the PCR test said, yes. Felt like flu/colds I’ve had before - no loss of smell or taste - not even the worst I’ve felt from one of those. But the little magic test came back positive 🤷🏼‍♂️"	11/17/24 16:29	FALSE	Positive
1863650464002150773	730985251	"@Nucleocapsoid @KristinaRevay @CDCgov @USDA Thanks for commenting, @Nucleocapsoid! I wonder whether we'll ever get any data here in the U.S. on which tests may or will not detect #H5N1. Or whether any tests will be produced specifically to detect that strain. I did find these tests useful for determining I had flu A… https://t.co/PT3KmpDw2i"	12/2/24 18:24	FALSE	Positive
1853118810967957546	1702254831082024961	@BsfScientist I do not have Covid I had it 5 weeks ago and tested negative It’s just a flu sadly that worsened my asthma	11/3/24 16:55	FALSE	Positive
1859267363478061567	1650678470349926401	"@iAnonPatriot One positive and definitely was sick, felt like a harsh flu followed by a good cold. No medicine needed except for over the counter things. Flu lasted 3 days, cold lasted a week or so. Second time might have been a false positive and had no symptoms."	11/20/24 16:07	FALSE	Positive
1857861649568330083	367810590	Ya boy tested positive for flu and covid. Kirby has to put me on the injury list	11/16/24 19:01	TRUE	Positive
1861192491556274560	1246283490628337665	"@Bret_Sears I never ""caught it"".I had flu like symptoms and then tested positive after I recovered"	11/25/24 23:37	FALSE	Positive
1864776309198426120	1666482618714521600	@AlinaV_Psy I had that about a month ago. I tested twice so definitely not covid &amp; this was after I had the flu jab. It took me out genuinely for about a week. Could barely walk the dog! Hope you can get some proper rest in! This strain is no joke!	12/5/24 20:58	FALSE	Positive
1853431353674547509	1521226696367611904	"Mom talked dad into getting another doctor, and I was correctly diagnosed with empyema (from my bout with influenza). New doc sucked the pus out of my ribs with the biggest “needle” you’ve ever seen.Gall bladder removal would’ve killed me."	11/4/24 13:37	FALSE	Positive
1852511251357708432	1404070957	"@HamelHogue @SAudet80 C est un autre type de virus! Il y en a que tu peux crevé! J ai eu à L.A influenza et passé pas loin 45jours pour me remettre, sur le cul ben raide! Au moins avec un test du peux plus savoir quoi prendre!"	11/2/24 0:41	FALSE	Positive
1859629062685163772	1593681564382232576	"@iAnonPatriot Unvaxed. Tested positive for Covid (ie: got the flu) twice. Pretty bad, as the flu can be."	11/21/24 16:04	FALSE	Positive
1859368618842259772	324853179	"@iAnonPatriot i got sick normally with flu, but never tested for COVID, so I may have had it but dont know."	11/20/24 22:49	FALSE	Positive
1859857667721748839	750038978	"hi everyone!as you may know, the past month has been insane for me. i planned on streaming this week but then i was diagnosed with the flu which completely took me out. i planned to stream tonight but had to take little Lumi to the emergency vet. i will be spending Thanksgiving… https://t.co/08FmaycANV"	11/22/24 7:13	TRUE	Positive
1859440422747050464	1665210987358609409	"@iAnonPatriot Just once. And I worked at a COVID testing site at the time. It was a 5 day flu, that’s it."	11/21/24 3:35	FALSE	Positive
1859360164274438545	967827543326969856	@iAnonPatriot Only tested positive once and it was basically a 24 hr flu without the stomach issues	11/20/24 22:16	FALSE	Positive
1863856776279699813	1078502809857810432	Flu A positive...celaka.	12/3/24 8:04	FALSE	Positive
1859444679000944934	1279118468550402056	"@iAnonPatriot Sick from a FLU, doctor tested it and it wasn't Covid either time (once a year past 2 years)."	11/21/24 3:52	FALSE	Positive
1863684740315840726	1076952959706120192	"for those of you who weren’t aware: I ended up in the hospital for severe dehydration secondary to the flu, type A. I had to have an IV drip and blood testing before they figured out what exactly was wrong."	12/2/24 20:40	FALSE	Positive
1859593314560774323	1519747343922331649	@iAnonPatriot Once tested positive. No big deal. Never tested again so who knows. Never vaccinated for flu or anything. 69 yo	11/21/24 13:42	FALSE	Positive
1859672746931957785	1650565292492312576	@MTGrepp I have no idea. Never tested. I had the flu and a cold.	11/21/24 18:58	FALSE	Positive
1863493695510577527	1839348143445704704	gotten offical diagnosis of flu by my mother and everyone knows mother knows best	12/2/24 8:01	FALSE	Positive
1859335298783592505	1596892773080260613	@iAnonPatriot Got it once in February of 2020. One of the worst cases of the flu I've had. Got it again around the time of the omicron variant. Biggest problem that time was waiting to test negative so I could get back to work. Co-morbidities; pre-diabetic and overweight. #PureBlood	11/20/24 20:37	FALSE	Positive
1857286792841507226	1355672990	Tested Positive For Strep And The Flu 🥺😭 Send Help 😭	11/15/24 4:57	TRUE	Positive
1858430329310114199	15045673	"@motiv8tional1 @ianfarrow @RobSchneider When you incentivize deaths for a specific cause, everyone dies of that cause.You said your girlfriend got the coff, she obviously didn’t die.I got it too, IT WAS THE FLU.You know, the new one each year?They also created a cottage industry with testing, tracing, and jabbing.… https://t.co/laSZiqGywV"	11/18/24 8:41	FALSE	Positive
1853381519114723553	1340293363577151488	"Your girl has been trying to recover from some fever(?) flu(?) sickness(?) since four days ago. Got it tested at the doctors earlier today and I am down with influenza. I'm still suffering from throbbing migraines, loss of appetite, non-stop coughing and yellowish visions. (1/2)"	11/4/24 10:19	FALSE	Positive
1859604961761308812	1723457710744616960	"@adders281 @BritisherPaz49 Guess covid tests lie then? And I’ve had the flu, I know the difference!"	11/21/24 14:29	FALSE	Positive
1859772477053993317	1857193600192221185	"@MTGrepp Unvaxxed, never had the flu but the pcr test i did for fun said positive"	11/22/24 1:34	FALSE	Positive
1859571734766092317	1798358048022429696	"@MTGrepp Had bronchitis in 2021 and the Dr demanded a covid test - was negative, of course.  Recently, I had flu after a friend got Covid.    Sick for 2 days.  Did not test for Covid because what's the point."	11/21/24 12:17	FALSE	Positive
1861775900901081459	36565477	"@Jessicam6946 My latest experience with NP was not so good. I told her I had 5 negative COVID tests, she tested anyhow. MD diagnosed me in ED with flu."	11/27/24 14:15	FALSE	Positive
1859677111839285483	1118548830063140865	@ryangerritsen Got the flu once during the pandemic. I refused to get tested so I wouldn’t help their made up statistics.Have had a cold or flu only once since then.	11/21/24 19:15	FALSE	Positive
1858242000459542903	1476354665256263683	"@9mm_smg Had it 5 times, 2 of them were worse than flu, 2 were about the same as flu. 1 tested positive for flu and covid.  Had RSV after lockdowns ended, worse than anything I’ve ever had, hands down. Terrifying."	11/17/24 20:13	TRUE	Positive
1862557928269500903	1255613457770168320	just lost my ppl and just tested positive for Covid and the flu??????? I’m so done w ts fr	11/29/24 18:03	FALSE	Positive
1862823680071410115	1453117046158364673	@TheChiefNerd My family stopped getting them after we got the flu bad and it was a strain the flu shot protected against that year. Took 3 weeks of er visits with flu like symptoms to even get a test	11/30/24 11:39	FALSE	Positive
1859293709340377257	385788173	"@iAnonPatriot Once really sick and ended up hospitalized for 6 days.  A few days before I tested positive, I got the flu shot (after major pressure from my doc) and had close contact with someone who just had the booster!!  No more flu shots ever!!"	11/20/24 17:52	FALSE	Positive
1859699506096505261	18335788	"@MTGrepp @pamadkisson yes, I tested every time I thought I had something. Covid just felt different . I did get the flu about 3 months after Covid. First time I had the flu in over 15 years."	11/21/24 20:44	FALSE	Positive
1859478822695166261	1590288787963531266	"@iAnonPatriot Twice… I think (according to rat tests). Both times had mild headache a day or so &amp; low energy for about a week. Absolutely no respiratory symptoms at all. Flu type A, way worse.Used FLCCC recommended treatment. Thank you FLCCC."	11/21/24 6:07	FALSE	Positive
1859947412602929331	466982227	I’m negative for Covid but I def have the flu and it might be the worst case of it I’ve ever had lmfao. I woke up at 1 am this morning with another fever and I still have it. My head is killing me and my body hurts and I can’t stop coughing	11/22/24 13:09	FALSE	Positive
1859635133881647178	1688228082895749120	"@MTGrepp Once supposedly but it really was a flu that was over in 3 days🤣 and I was one of those ""at risk"" people cause I'm HIV positive and have cerebral palsy. Still refuse to get the vaccination. You could stick a covid test in you're engine oil and it would test positive"	11/21/24 16:29	FALSE	Positive
1862915858319782243	225616472	"@MarcusFitzsimon Ahh, thanks. When it’s in the area the docs will (should) start testing. It’s ok, didn’t for one minute think son had bird flu just wondered why doc didn’t even mention it. Yeah, we’re good thanks (‘cept the fluey one)."	11/30/24 17:45	FALSE	Positive
1857154784660263124	1531298409671536640	"In 2011 I was put on Remicade after being diagnosed with severe ulcerative colitis (pancolitis, my entire colon is diseased). I made a lot of friends with Crohn's and UC. My peers told me to mask. I was too embarrassed. I almost died from influenza a few years later."	11/14/24 20:12	FALSE	Positive
1859411697145893267	1854636861114679302	@iAnonPatriot 3 “so called” times. The first two was nothing more then a 99. - 100.4 fever. Tests said I was positive.  I call BS.The 3rd time was just this past September. A Disney cruise during hurricane Helene gave me Covid and it was like the flu.	11/21/24 1:41	FALSE	Positive
1859286471041306844	1271442380202409987	"@ThrillaRilla369 I’m unvaccinated, and I tested positive once in late 2022. The clinic did one of those combination COVID/flu test. So they said I had both, but I never lost taste or smell. It just felt like the flu."	11/20/24 17:23	FALSE	Positive
1858600618891366542	737589206	@yourdumb2024 @CatherineHall16 @Craptocracy @JoJoFromJerz Get covid all the time?  I've only tested positive once.  I've also only gotten the flu once.  The vaccines work.	11/18/24 19:58	FALSE	Positive
1859297926163345885	1295743780986007552	"@iAnonPatriot Once, last June (2024). I got tested and both Covid and the Flu were positive. Lasted about 4 days."	11/20/24 18:09	FALSE	Positive
1853446838998733252	2949965759	"I tested positive for Covid , flu and bronchitis. plus I have pink eye?? yeah I’m finna kms."	11/4/24 14:38	FALSE	Positive
1857666108745998352	423245445	"@TheFungi669 I got the Covid shot, 2 weeks later tested positive. Flu shot. Days later got the flu."	11/16/24 6:04	FALSE	Positive
1859479607038079411	1494264864294019072	@MTGrepp Never tested but 2 times during the whole theatre I had the flu and it was a bit more heavy but nothing my body couldn’t beat.	11/21/24 6:11	FALSE	Positive
1859707859556344281	1737507476365619200	@MTGrepp MTG I had the flu turned pneumonia after I was diagnosed and sure it wasn't a heart attack left the hospital after they refused to let me dri know water! Went home and started drinking bone broth with sage and basil. Sage is great for colds and basil to help bring down fever.	11/21/24 21:18	FALSE	Positive
1859349939127714281	968519700438290432	@iAnonPatriot I have had none but did have the flu twice.  I never took any vac’s nor tests.  I just used water if I needed to fly.  Sometimes it came out positive lol 😂	11/20/24 21:35	FALSE	Positive
1865084556623192146	295782541	"@tesssummers98 Correct, years ago doctor did a house visit when I thought I was on my last legs.  Diagnosed flu and just told me to wait it out at home.  No medication just plenty of liquids.  Scamdemic again."	12/6/24 17:23	FALSE	Positive
1853307580338307347	846863702	Aku sik pernah positive covid. Tapi ku rasa positive influenza tok nang dah jaik abis bahhhh.	11/4/24 5:25	FALSE	Positive
1859809348559700208	1820314079442915329	"@MTGrepp Once! I had Flu B last year that was a thousand times worse than Covid-19. I tested negative for Covid and positive for Flu B. Flu was worse! And, I am unvax’d and proud!"	11/22/24 4:01	TRUE	Positive
1859624905865822587	1283883637658681345	@woodsywomxn I had it twice first was right a the beginning and the second time I didn’t even think I had it but had to get the stupid test to go back to work.  It was like a mild cold.  No clot shot or flu shot in years.	11/21/24 15:48	FALSE	Positive
1859076122740199587	67321724	"@JenniferBuck65 I have gotten the flu shot every fall for years and have never had an adverse reaction. Only once did I get the flu after having the shot, and my symptoms were so minor that my doctor thought there was no way it could be the flu until she tested me."	11/20/24 3:27	FALSE	Positive
1859336809089474631	838804547929845760	"@ThrillaRilla369 Once at the very beginning, March 2020. It was a bad flu then. I didn't need a nose swab to know I had a bad flu rebranded."	11/20/24 20:43	FALSE	Positive
1863818767937245596	2717747555	@Bios4L @LauraMiers I always believed the flu was just the flu until I was a healthy 25 year old admitted into hospital with a crazy high heart rate and a positive Flu A test. Stay safe out there.	12/3/24 5:33	FALSE	Positive
1859483665085997419	1856508330094555136	@iAnonPatriot Had the flu several times. Never tested for Covid Not vaxxed	11/21/24 6:27	FALSE	Positive
1858977495661645906	1654261012261109760	@allyk1013 that’s what i was thinking. it works for the nausea that comes from my weight loss medicine. but i think im nauseous from flu b i tested positive for and that nausea med isn’t making a dent in how i was feeling all weekend and earlier 😭	11/19/24 20:55	FALSE	Positive
1859277688017395985	1117420604439789568	@iAnonPatriot Don't know. Never even taken a test. Had a few sniffles and flu for a week which over the Lemsip and chicken soup sorted out.	11/20/24 16:48	FALSE	Positive
1860140162933751978	26552797	"@JakeFearghal @UnderWashington You misread, good sir. Every. Single. Time. i got a flu shot, i GOT the damn flu, from the damn shot. I'm in favor of truly tested, scientifically tested and proven vaccines (not mRNA ones rushed through the system.) We had almost eradicated so many diseases: measles, mumps,… https://t.co/3RpkDjlLJs"	11/23/24 1:55	FALSE	Positive
1865155574976950507	1485753383948537859	"@DennisstarStarr @liz_churchill10 Thank you ... husband brought it home &amp; immediately gave it to me😂🤣😂JUST stumped to have had ALL the symptoms including the ""fast onset* &amp; ""painful chest cough*...and the test calling it TYPE A INFLUENZA ...🤔"	12/6/24 22:05	FALSE	Positive
1853581256669470806	1316969515	i dont get the flu shot before i traveland im positive i have the flu rnand its been a weekand im still sicki wnat to cry	11/4/24 23:33	FALSE	Positive
1856060694585585806	2867604056	"@USERSXXRX I have had the same thing the last week and it wasn’t Covid, it was just a flu that’s circulating here in Italy 😭 get tested! In case it’s the flu I had, it lasts like 4/5 days"	11/11/24 19:45	FALSE	Positive
1859251895535128806	1560081410739814401	"@iAnonPatriot Zero!!!....you have to be tested for it to know. If you don't take the test, you can never have covid. I have had the Flu/Cold but never covid. No Flu shot as well......""If"" and that's a big ""If"" I had it---- it was cured the same way my mom use to cure the flu."	11/20/24 15:06	FALSE	Positive
1861293647053918307	1729318057229643776	@JeckovKanani Well the PCR test said Covaids but it happened the same time that I start detoxing every November so No I didn't catch an Imaginary Virus just the so-called Flu.	11/26/24 6:19	FALSE	Positive
1859487142595924304	1525289074042732544	@MTGrepp no test no covidcommon flu nature way to heal	11/21/24 6:40	FALSE	Positive
1859450048721060304	1780459945399603200	"@iAnonPatriot Once, Dec 2020 and then once i had the flu in 2023, never tested to find out.... 🤷‍♀️"	11/21/24 4:13	FALSE	Positive
1859246745567236304	919723771556118528	"@iAnonPatriot Twice, it was like a cold/flu.  It's the only 2 flu's I've had since 2020, so who knows wtf it really was. Tested positive...whatever."	11/20/24 14:45	FALSE	Positive
1859563983428059440	1633498871224573956	"@iAnonPatriot unvaccinated, a mild case of the flu, PCR tested positive, i was not in bed. never had it again."	11/21/24 11:46	FALSE	Positive
1860001076348629119	1519424470611595265	@MTGrepp Can’t “get” COVID if you don’t get tested. Had 1 bad round of the Flu during the pandemic. That was it.	11/22/24 16:43	FALSE	Positive
1859329630584676769	266267372	@iAnonPatriot I am vaccine free. I never was test for covid. Got the flu doing covid season. Last one week. MY IMMUNE SYSTEM fought well. PURE BLOOD HERE	11/20/24 20:15	FALSE	Positive
1859573932786934090	1524023650793541634	"@iAnonPatriot Unvaccinated, got Covid (the Flu), tested negative(WTF), taste and smell are changed!"	11/21/24 12:25	FALSE	Positive
1859396326233878907	1455275158843834370	"@iAnonPatriot I had the seasonal flu twice in four years. No way in hell I was sticking there toxic stick in my nose for a test that comes with its own issues or a swab to be used in a test they knew was bs.  So ya, I had the season flu twice in four years."	11/21/24 0:40	FALSE	Positive
1858279358919487907	1694175132179197952	"@9mm_smg got vaxxed (was in the US navy) never got it. I did get the flu for the first time, they gave me a covid test 3 times, always negative."	11/17/24 22:41	FALSE	Positive
1859541878271590803	1240644759154315264	@MTGrepp I never tested when I had the flu so wouldn’t know….. 😂	11/21/24 10:18	FALSE	Positive
1859291725627334803	1518959961191194624	@iAnonPatriot One time. But had a regular flu after and it was much worse. Stopped testing after that but thankfully only had mild colds since then	11/20/24 17:44	FALSE	Positive
1861924116279832803	1565475341090652161	I tested positive for… being that bitch! Jk I have the flu 😷	11/28/24 0:04	FALSE	Positive
1864576768050368803	1834488717207072768	"@JenniferTw63046 @Fedup026 @liz_churchill10 I had covid tests come back negative, but positive for influenza, and later had positive covid but negative influenza. There is a difference. Covid is real, they made it that way."	12/5/24 7:45	TRUE	Positive
1859621102772777009	859573069664448513	@MTGrepp Flu not covid - the q tip swab shows positive all the time  so you do not have covid.	11/21/24 15:33	FALSE	Positive
1859301542354207009	1278515240066519040	"@iAnonPatriot Got real bad flu 11/19/19 and went to the ER… chest X-ray clear despite coughing up gobs of yellow green mucus. Diagnosed with a UTI 👀! Had flu two more times (in ‘20 and 22). Taking ivermectin since Dec. ‘22 , and off all pharmaceuticals. Not sick since."	11/20/24 18:23	FALSE	Positive
1858971351849333009	1134877542199042050	@hellopugh I was diagnosed with PCOS after being hospitalized for Gastroenteritis and the Flu. I was 21.	11/19/24 20:31	FALSE	Positive
1856062082548150759	925754610052190208	@1Nicdar Never. Had the flu in 2021 but never tested.	11/11/24 19:50	FALSE	Positive
1856482084807958715	1570748711990337536	"@MAGAResource Unvaccinated and have never taken one BS Covid test just to tell me I have a case of the flu. I also have not been sick since December 2020 Also never changed my living habits went everywhere with no mask and as soon as the casinos opened in Ohio, we started going back there."	11/12/24 23:39	FALSE	Positive
1859247411434004715	1519326083576782853	"@iAnonPatriot Not vaccinated; don't know if I ever had covid, never tested, but did have  the flu and a cold."	11/20/24 14:48	FALSE	Positive
1854328654362222888	2940192543	@singingsox Yes I tested positive for Influenza A and negative for Covid five times. I also have classic flu symptoms.	11/7/24 1:02	TRUE	Positive
1855246630246658375	562000375	@redpillb0t 1 swab and it was the all in one. I had the flu. Never had COViD. I even worked the medical dept of a county jail throughout the pandemic	11/9/24 13:50	FALSE	Positive
1859247756411351375	1586494056720392192	"@iAnonPatriot once, last month, well the ""test"" said it was, felt like a moderate flu"	11/20/24 14:49	FALSE	Positive
1855720648045109609	2596552290	"Ok back to sleeping off whatever the fuck this is. Tested COVID NEG a 4th time, so I guess just Flu. But still sucks."	11/10/24 21:14	FALSE	Positive
1859430465238860031	379960398	"@iAnonPatriot I tested positive once, with a runny nose. Other than that, I would have no idea. Don't get me wrong, I've been sick, but could have been the flu, a cold, covid, seasonal allergies. Whatever it was, still not worth the risk of a trial injection."	11/21/24 2:55	FALSE	Positive
1853210205938766101	114298423	"@Inversionism Not 💉 no test was from the 1st to the last manifestation I had the flu 3 times, (I don't know if covid, not tested 🤷‍♀️) I was refused a surgery because I was not vax, I lost my family doctor  because when she asked me if vax, I responded by returning the question🤷‍♀️"	11/3/24 22:58	FALSE	Positive
1859735636435259817	1845660766940418048	@MTGrepp Had the FLU for a day or two b4 covid came into the propaganda. I never took one of those false tests.	11/21/24 23:08	FALSE	Positive
1859664172226838781	1160590523842871297	@MTGrepp I've never tested but I've had the flu as usual once or twice a year	11/21/24 18:24	FALSE	Positive
1859430339619229781	1400985105653452801	"@iAnonPatriot Once potentially twice, definitely tested positive in December ish of 2021? But i think I had the wild virus in October 2019. Both were like the normal flu and I was fine other than feeling like shit lol. No like serious anything"	11/21/24 2:55	FALSE	Positive
1859331210134130781	43814044	@iAnonPatriot never been vax'd or tested so I didnt get covid. I did get  the flu once 😉	11/20/24 20:21	FALSE	Positive
1864508934083727781	4880015157	"Those flu+covid tests are a good investment and also use the same technique w shining a light on it! I tested positive for flu a (unfortunately but gotta say, glad it's not covid)"	12/5/24 3:15	TRUE	Positive
1859609806409281959	1519022514030096384	"@MTGrepp I’m unvaccinated but would have no idea, I never got tested for the make believe Rona. I had the flu once and a cold a couple of times the last four years. I would never let them stick that swab up my nose, God only knows what was on it…"	11/21/24 14:48	FALSE	Positive
1859447801781870959	1636928782949838850	"@iAnonPatriot 0 I tested maybe 4 times.  I was sick a couple times,  ear infection,  flu, but that's all I know"	11/21/24 4:04	FALSE	Positive
1862386775894753690	865475209	@BohemianAtmosp1 I didn't wear one before so why would I start now.At the moment I've a fever and bad Flu. But everyone will think it's the non existant covid.I've never been tested wore a mask or had a jab.I will stay that way	11/29/24 6:43	FALSE	Positive
1859253836923248862	102751250	@iAnonPatriot I was flu sick maybe twice but took good old fashion Natural supplements and treatments I have never taken a Covid test	11/20/24 15:13	FALSE	Positive
1859293158376436054	212235431	"@iAnonPatriot Once confirmed, was a moderate flu (not the worst I've had - mono and some horrid flu in the mid 2000s were both far worse).I haven't tested subsequent illnesses."	11/20/24 17:50	FALSE	Positive
1855908034838720615	2339206276	"@Sqeaky1149 @billih123 @KasparQ @Fella3Jcb20126 @ivanofarsky @JM2639 @katten260764 @Dogzpizzle @HappyGiraffe10 @Isigrimm @AngellUnique73 @SChiron58 @Fooferan @TinaVelasko @mats_data @russiaisat65586 @sweetvodka0001 @pip_sir @RouthBabe @AWotanFella @JohannesFella @Fella_Lusitana @unnuovoinizio1 @motishort @dipapip @Gognadze9144 @davdovich Covid according to the test ☹️ but in reality just a bad flu, I slept for days and I am much better. I'll probably be tired for a week or so more, but that's life 😉"	11/11/24 9:38	FALSE	Positive
1864451044908126615	1295578532068782080	@ThrillaRilla369 Perfectly fine! Got the flu for a couple of days! Which happens every year at this time! I’ve never taken a covid test or shot! And never will	12/4/24 23:25	FALSE	Positive
1862704409266069697	1333124870	"@thecovidslayer Do you have an immune deficiency? This would increase the chances you are reactivating? I chronically test positive for RSV and flu, tracking with symptoms. And at this point it’s clearly me, not constantly catching it from others"	11/30/24 3:45	FALSE	Positive
1859564636401512795	1456535857767325702	"@iAnonPatriot Tested positive once for it, but it felt no different than the flu (which mysteriously has vanished from earth since Covid)"	11/21/24 11:48	FALSE	Positive
1855891248684364145	1853132986281013249	"Full Statement 📌“Due to a severe cough and nausea that has lasted for 3 days, I was taken to the hospital with the direction of our club doctor, without participating in the press conference. As a result of blood tests and tomography procedures, ""influenza virus"" was diagnosed… https://t.co/usoHj72AbD"	11/11/24 8:32	FALSE	Positive
1854600679316504720	1803549145015394307	@LoneNomadicSoul @urlallcrazy @kearijonathan @Hawkesbay69 @xcarekid @AndreaCieri69 @DogMom_24_ @Janice79206149 @MikeVlasman2 @Awello_210 @elaine_ebk @ChaseEthan53118 @Asian4MAGA @StephenShanaha7 @Wetingoesyou @FiggyPop9 @SyclistF21530 @JuC69 I have the flu then with a positive flu test	11/7/24 19:03	TRUE	Positive
1854973947160248720	1520002105590923265	@redpillb0t Never been tested. Never been vaccinated. Had “Covid” I mean the flu 2 x. I survived!  I’m 63.	11/8/24 19:47	FALSE	Positive
1854593832270074265	1499530385977393153	Covid test is negative this is just a really brutal flu been a week and still feel awful coughing up alot of green hopefully this is almost over slept 3 hours still exhausted I just want to sleep coughing takes so much out of me desperately in need of more juice and gingerale	11/7/24 18:36	FALSE	Positive
1859456621086195886	1105081635530305536	@iAnonPatriot Don't know about covid but I did get very ill for over a month with the flu. Not tested since they have no such thing. Army trained me well.	11/21/24 4:39	FALSE	Positive
1861186655157395886	1374113469545414658	"After being curled up in a ball throughout last week with a bad case of the flu, finally posting my @efdevcon retrospective.At Devcon, we did 6 controlled tests of the @senspace_studio app and our team has been digging into our next round of optimizations.🧵👇"	11/25/24 23:14	FALSE	Positive
1860177311771033896	847918808396333057	@benonwine I think I had it early on before the tests. Strange flu but to be honest I've had worse normal flues. Bedrest and lemsip sufficed. Unvaccinated and don't believe I have had it since.	11/23/24 4:23	FALSE	Positive
1859257453311033756	20242141	@iAnonPatriot 1 time for sure (Tested) and couldn't taste. I've had the flu a time or two after.	11/20/24 15:28	FALSE	Positive
1864632392301842756	572207519	"@NielsenChrissi YOU ARE NOTHING BUT A PAID INFLUENCER CUNT!!!! 2 YEARS BEFORE HIS FUCKING FARCE STARTED, I HAD A BAD BUG. NO TASTE OR SMELL, AND A BAD RASH. DOCTOR DIAGNOSED AS THE FLU, NOT HIS FUCKING FARCE MADE UP BULLSHIT COVID. YOU ARE A FUCKING IDIOT"	12/5/24 11:26	TRUE	Positive
1864727467660824589	23424389	"@Paul_Reviews I'm absolutely on my arse with the flu, did a test and it's not COVID, or at least the rest says that 🤷 hopefully it's not drawn out for you, plus ... Immunity for Xmas lol"	12/5/24 17:44	FALSE	Positive
1863513038969528589	1567575862505078785	"@BradleyJaxsun @SteveInmanUIC Sounds to me like when i get a normal flu.I was also tested positive, but the test was also the only way of knowing that i had it, i had zero symptoms..."	12/2/24 9:18	FALSE	Positive
1856725083550613961	1841831130711904256	"@vexedinthecity When I had to be ambulanced out of a public school, my mom got hit with a $1100 bill for ""life saving care"" and the ambulance ride when I had a minor seizure. Dept of Education didn't pay a fuckin thing except the nurse who said you weren't sick when positive for the flu."	11/13/24 15:45	TRUE	Positive
1859415954762920397	4529981014	@iAnonPatriot I had “Covid” in August 2020. Asked to be tested for Influenza. They said no one in my area had tested positive for the flu the entire year. My mother (82 years old) and I were the first ones to test positive for the flu. Crazy huh?	11/21/24 1:58	TRUE	Positive
1859505823392858619	1468687294823469057	"@iAnonPatriot Nil. Had the flu this year and that happens about once every three years. The real question is, does anybody believe the test for convid is accurate and how do they know it is?"	11/21/24 7:55	FALSE	Positive
1860082610929844362	1769106464747270144	"@SonofManwithus Not a clue. I think you have to test for it.Couple of colds, a flu but no Covid"	11/22/24 22:07	FALSE	Positive
1857592326912356362	2294545453	"@miyuyus_ Check for Flu, I got negative on the COVID test and yet the fever was 40° C, turns out it's Flu type A"	11/16/24 1:11	FALSE	Positive
1864561681893859575	1824062448699355136	@liz_churchill10 It is easy to test viruses. They know what it is IF it truly exists. I for one am not believing this. Yes it's flu and cold season. I've had both this month even. We boost our antibodies in the winter and there is no reason to fear that.	12/5/24 6:45	FALSE	Positive
1860690673831199186	130157613	"@LeighWells15 No but pretty much everyone around me are my dads.. brothers, sister and many in my family. Passed the test but caught  The flu during physicals"	11/24/24 14:23	FALSE	Positive
1854967017914216779	1754508897648332800	"Kinda feel like crying my eyes out but that will not help my influenza so instead I will say some positive affirmations:I am worthy of love. I am innovative, smart and determined. I will make an amazing life for myself. I can get through any obstacle in my way."	11/8/24 19:19	FALSE	Positive
1859618401640992876	1496577632783241216	"@ryangerritsen ""Diagnosed "" with the vid once , lost smell and taste and regained with orange peels lol. Got the flu after that and thought I was gonna die!"	11/21/24 15:22	FALSE	Positive
1856412564512702797	1580154566980640768	tested positive for the flu. 🤧 lovely!	11/12/24 19:03	TRUE	Positive
1859331611646369797	99409461	"@AngelaBelcamino @Quetzacoatl1492 I got tested 7 times.. positive for flu never covid , yes i never took it. Its rather puzzling ."	11/20/24 20:22	TRUE	Positive
1857606863405166797	1731184734905012224	@thattradgal Yes! I was scheduled to go to Santa Fe this past September but I was diagnosed with Covid and the Flu the day before my flight. I really want to see it with my own eyes. Incredible story! Hopefully next year.	11/16/24 2:09	FALSE	Positive
1858301581508170210	1231399460535709696	"@9mm_smg Unvaccinated have never been tested for covid, people in my house tested positive but I never had any symptoms. I've had a couple short bouts of cough and congestion the past few years and flu once but never tested for covid"	11/18/24 0:09	FALSE	Positive
1863102963339919792	712133899	"Sebab demam masih on off, i went (lepas kena paksa) to get myself tested dan ternyata saya ada Influenza A. Dapat MC 5 hari wuwuwu banyaknyeeee 😆"	12/1/24 6:08	FALSE	Positive
1859602470202134908	1761444656229793792	"@iAnonPatriot No shots for covid. I got really really sick with a flu, in January 2020, before the covid wave appeared. Our whole plant did. Doctor told me can't be covid . So, never tested. Had a few colds since, but never tested to see."	11/21/24 14:19	FALSE	Positive
1857886036329742618	1385395263964160007	got tested positive for the flu yall are about to see me on here a lot for the next few days 💀	11/16/24 20:38	TRUE	Positive
1859619111757807825	63496478	"@jgulbs27 I had to get tested every week to attend my son’s hockey games. Tested positive the very first test I ever had. I was sick, but felt like a bad cold/flu. Was fine after a couple days. Haven’t tested since the AB government scraped that requirement."	11/21/24 15:25	FALSE	Positive
1858251770390315021	1445092552416407555	"@9mm_smg I had a bad flu before it was known and later tested positive for the antibodies. Because of my government job, I have been tested many times and never tested positive for Covid. They tried to force me several times to get the vaccine and I refused."	11/17/24 20:52	FALSE	Positive
1859632713986121901	1835797583307911168	"@iAnonPatriot Zero Covid, been tested plenty of times. Been sick with the flu off and on for 4 years."	11/21/24 16:19	FALSE	Positive
1859473339539955901	1519146957243129856	@iAnonPatriot None. I had the flu in 2022 but I never got tested either	11/21/24 5:46	FALSE	Positive
1854900377029587148	1742749229809061888	"@NewEnglandFreez @torcdiana @COVID19_disease The doctor just told me “you’re positive for bird flu, Influenza A”.  I’ll see if I still have the paperwork, it had the diagnosis.  Whatever it was, it was terrible"	11/8/24 14:54	FALSE	Positive
1856152596492251148	1470887476927553537	"@PushBidenLeft The crazy thing is that nobody is testing for h5n1. I recently got really sick. Tested negative TWICE for flu, but tested a 3rd time with a throat culture that came back positive for Influenza A. My docs were all confused and put me on high strength antibiotics."	11/12/24 1:50	TRUE	Positive
1856104658629972148	32906077	"@1Nicdar I had the Wuhan Red Death once.  Overcame it, and got a mild case of what was diagnosed as flu a few months later."	11/11/24 22:40	TRUE	Positive
1861053547179364387	1250627312942366720	Dann secara rasminya saya disahkan positive Influenza B 🥲Yeay. 😭😭	11/25/24 14:25	FALSE	Positive
1859669908730343576	1552532176528216064	"@liz_churchill10 @MTGrepp Exactly, why do a test when I know I had the flu."	11/21/24 18:47	FALSE	Positive
1860890220272730289	1854412705370943488	@ThrillaRilla369 Once for sure cause everyone else in my unvaxed family took the test. We had a Covid sick party. . I was hardly sick. Cleaned up house post Christmas took down tree. Had Ivermectin 😀. Two other times got flu. Used IVM. It knocked it out of me in hours. Best discovery ever!	11/25/24 3:36	FALSE	Positive
1859430626694398027	1454338960579129344	"@iAnonPatriot Twice. Although, it was just the flu. They said it was Covid and I tested positive for Covid… but it was the flu."	11/21/24 2:56	FALSE	Positive
1862577986119123027	1004833999	AND to add onto it I’m just recovered from gallbladder removal surgery and tested positive for the flu today hahaha. love my life!!	11/29/24 19:22	TRUE	Positive
1859666353692790854	1467547629638889478	@MTGrepp I got the flu that year in 2020Never done any covid test I dont  trust them	11/21/24 18:33	FALSE	Positive
1859521475310477541	47539455	"@iAnonPatriot It seems I have never gotten sick. I got the regular flu twice in four years, but when they tested me after both, neither were the Wu flu."	11/21/24 8:57	FALSE	Positive
1854638952109818292	1803645574182289408	"@leglesswander Next day, off somehow, wierd, avoided any person on principle. Wierd sensations in the nose; noticeably different from any cold/flu. Shot some red laser light up in there, 10 min, all was well.Tested, first time positive. One/two days malaise, and the nose thing. No lasting.(.."	11/7/24 21:35	FALSE	Positive
1859518398801105180	1475860146702073857	@iAnonPatriot Tested positive twice the first time was miserable it felt like I was gonna die the second time it felt like the common flu. But I’ll be damned if somebody says I “HAVE to put something in MY body. So glad Trump is coming back	11/21/24 8:45	FALSE	Positive
1859594349438226436	1492878650122854404	"@MTGrepp Never tested , not vaccinated. I had flu , I don’t know if it was Covid. Never had mask , worked all the time."	11/21/24 13:46	FALSE	Positive
1860035164090339528	1604876494878265344	"@JennPerry85 @rebalynn3234 @RealDrJaneRuby @Guy869Jo I had the flu because I was pregnant the first time and had to go to the hospital because of that. They gave the anti-viral medicine to cut it in half. Don't speak on shit you don't know. I was tested for it. I've also had covid twice. After having it once, I don't need to go and… https://t.co/w04jOEiRtR"	11/22/24 18:58	FALSE	Positive
1863660643221475793	1656035258045804544	"Tested positive for the flu, this shit is so ass"	12/2/24 19:04	TRUE	Positive
1860148517618262268	1182908367947358208	@MTGrepp My family is unvaccinated. The 4 of us tested positive once. We have flu symptoms another time and my husband was the only one tested for work and he was positive. Our doctor checked our blood for antibodies later and the test showed high antibodies.	11/23/24 2:29	FALSE	Positive
1854876848586359004	29201707	"tested + for #Influenza A but I swear my symptoms were more #Covid-like: 40C fever, chills, dry cough, muscle pain, splitting headache, vomiting, diarrhea, metallic taste in food"	11/8/24 13:21	FALSE	Positive
1860115410785608004	1856115721735913472	@MTGrepp Had the flu a couple times since 2020 and never vaxxed and never tested for COVID. I wasn’t going to let anyone stick those swabs up my nose.	11/23/24 0:17	FALSE	Positive
1857268210015637935	893349213790060544	@fpasherpa @willn4c @kavhyland01 @Jabba47288741 @ShinerBuck @RocksBox3 @OhRick4 @Mark788656 Yes they do. Positive flu and positive fx arm.  People have to use PPE to go in and out of your room. A perfect example of legitimate upcoding. Thanks for pointing that out.	11/15/24 3:43	FALSE	Positive
1859282927369994687	1445345941981126663	"@iAnonPatriot Before ""COVID""came out in November/December of 2018, I got type A and type B flu in 2016. Thought I was dying, it was so rough for a couple days. Got a sinus infection in May of 2022. Could've been COVID but never got tested."	11/20/24 17:09	FALSE	Positive
1855838919822106828	1726369945326673920	"@1Nicdar Only had it once, had really weird symptoms for being sick, so got tested and came back positive. But never vaxxed. For flu and Covid. Natural immunity always."	11/11/24 5:04	FALSE	Positive
1859762273562263859	1507507874590650371	"@MTGrepp I've had the flu. Never covifake. I was diagnosed with cancer in early 2021, and my hematologist at UCSF warned me NOT to take the covid shot."	11/22/24 0:54	FALSE	Positive
1860866954136817981	1545533814	@ThrillaRilla369 I tested positive two times over that time period.  One other time I got flu B and I thought it was over lol. Nine days later I got better.	11/25/24 2:03	FALSE	Positive
1855054664833577231	1602665624853008385	@Sgt_Sassypants6 I'm feeling the same way. Mine started last Friday. I went to the doctor Monday and tested + for the flu and bronchitis. I hope you feel better soon!	11/9/24 1:07	FALSE	Positive
1857806904514191565	1423736584474611720	@Rio_Robinson91 Yea I got diagnosed with the flu 4 days ago all I can do is sleep and occasionally crank out a YouTube video without coughing my lungs out	11/16/24 15:24	TRUE	Positive
1859495864320032914	285443553	"@MTGrepp No jab, no stupid rapid pcr test, only one really bad case of a nasty flu that only lasted 3 days."	11/21/24 7:15	FALSE	Positive
1855852730562256927	372197293	"@1Nicdar I didn't take the vaccine. I got the flu. I never got ""tested"". I took Ivermectin just to be safe.I'm still alive and healthy."	11/11/24 5:59	FALSE	Positive
1861812594459156957	941055265054408704	"Requirements are:Manual timer facing camera showing seconds ticking.You and the glass stay in frame.  No desk, just a table, camera showing above and below.Get a rapid test for influenza A.  Dip and show it's positive.You drink the whole glass of milk./+"	11/27/24 16:41	TRUE	Positive
1859625208883388709	1726128353617555456	"@jamiemcintyre21 Once - I think - had bad cold and pcr test said Covid. Was ill for two days and it was nowhere near as full-on as the 'normal' flu I had back in 2015. Took tonnes of vitamin D, stayed hydrated etc and bounced bk on 3rd day."	11/21/24 15:49	FALSE	Positive
1854357957560938732	616429214	"@Beautifulswamp It literally shows up as positive for Flu A. As far as I know, as of right now there isn't a way to distinguish them yet (but I could be wrong, I follow a dr that has been worrying about this for over 6 months now and I'm pretty sure that was the latest consensus)."	11/7/24 2:59	TRUE	Positive
1857659595407151396	1431021779364073473	@SeanTrende I have ok all those damn shots in grammar school and high school never got any of the measles mumps chicken pox ..but I did get the flu several times ..but never have I been diagnosed as Autistic..	11/16/24 5:38	FALSE	Positive
1856228050930938209	1470937326402502659	"yabe. i've been diagnosed with influenza A positive. im not sure if im able to stream tonight, but i'll check later tonight."	11/12/24 6:50	TRUE	Positive
1859588116618662209	1673695113158045709	@MTGrepp 2 times tested positive... Very mild! Didn't take long to get over...I've had worse illness back when it was called the flu....	11/21/24 13:22	FALSE	Positive
1859304015420588209	260704752	"@ThrillaRilla369 I did survive the flu a few years ago. It could've been covid since I didn't test myself, and the flu magically disappeared that year."	11/20/24 18:33	FALSE	Positive
1859744918543163858	1263834152199127040	"@MTGrepp 1x tested positive, probably was the flu."	11/21/24 23:45	FALSE	Positive
1859327892917977185	1821957572158722048	"@iAnonPatriot Twice I’ve tested positive since 2020, but that could literally be flu 😂"	11/20/24 20:08	FALSE	Positive
1859351932906897633	1579539589642977291	"@iAnonPatriot Zero, caught the flu twice in that time though (positive tests for influenza). My roommate even had covid twice and I somehow never got it from him."	11/20/24 21:43	FALSE	Positive
1859564324680814987	1699582814	"@iAnonPatriot I got the flu once during the COVID hoax.  Since the PCR test was over cycled, I have no idea if it was COVID or not.  Me, my wife, son, daughter her husband and grandkids were never vaxxed with the clot-shot."	11/21/24 11:47	FALSE	Positive
1859949434932781519	2166467930	@_Dievest @BirgitC Was tested and the strain of influenza was identified.	11/22/24 13:17	FALSE	Positive
1859354179422257634	1752157083255140352	"@iAnonPatriot None.I never got myself tested, and haven't gotten sick.To be fiar though, I had the flu like 2 months before the covid craze swept the nation which could have been it.  It was a 3 day flu thay i worked through and then I was over it."	11/20/24 21:52	FALSE	Positive
1857430235102237086	1142880804223225858	"@dimariesci Ooh, that’s a long time to be positive, but I’m glad you out of the woods now! 👍 Unfortunately I’m still positive, but the line was very faint, so hopefully I’m nearly over it too.🤞I’m glad you had a milder illness, mine was pretty severe with all flu symptoms &amp; no taste/smell."	11/15/24 14:27	FALSE	Positive
1859679559614071007	1465695079310323722	"@jobuartist 1x im Februar 2020.Da wusste man das aber nicht, Tests gab es nicht.War wie eine echte Grippe ( Influenza)Später durch IgG Antikörpertest bestätigt."	11/21/24 19:25	FALSE	Positive
1860364275212071404	1518811542762016771	@garykoepnick @RealDrJaneRuby I got diagnosed with ms at the height of my career at 33. 2 weeks after I had the flu ☠️ 💉Changed my life forever. Our bodies can only take so much poisoning before they rebel imo.	11/23/24 16:46	FALSE	Positive
1853052948898513291	1077868544300339200	"@Cambiacasacca Ero abituato a una settimana di blando malessere che passava se prendevo aspirine ma questa è stata veramente pesante, ho fatto pure 2 test covid mi sembrava impossibile fosse solo influenza poi però è andato tutto bene, sono ancora qua...ehhh già 😄"	11/3/24 12:33	FALSE	Positive
1859259399560180169	1852498655871139840	"@iAnonPatriot I had the regular flu, but that was about it.Most people that were diagnosed with Covid were given Covid by the test because the coronavirus was in the testing kits that were mass produced and manufactured by China. Barack likes to look for cheap labor &amp; always goes to China"	11/20/24 15:35	FALSE	Positive
1859601334296772989	881663749	"@jamiemcintyre21 No jab.  Never test. But I caught the flu during the so-called pandemic. It's a  bit different from usual flu. I came up with headaches and loss taste for the very first time. Nothing serious and recovered from 3-4 days. Another time I got flu, No more headache nor taste loss"	11/21/24 14:14	FALSE	Positive
1859569696460197989	3149400388	@MTGrepp Zero jabs and zero covid. I was poorly in December  2019 with thr flu and early this year had a sickness bug. Didn't need a test kit to tell me I was ill either.	11/21/24 12:08	FALSE	Positive
1860000903891419314	22235613	"@MTGrepp Tested positive for natural antibodies in July 2020. Never sick, so assuming has asymptomatic covid. Got flu from husband in 23, (not coivd,) used ivermectin,  hcq, C, D, &amp; zinc, gone in 48 hrs."	11/22/24 16:42	FALSE	Positive
1858918033529737314	1856750478635536387	@AmoneyResists It’s bullshit that is why. The actual expected death totals never went up.. but Flu and cold deaths disappeared.. all the testing was all crap too.. I took 4 tests in 3 hours and one finally came back positive… I had it bad too. But keep believing the bullshit bro.	11/19/24 16:59	FALSE	Positive
1859029714587054103	1572719968508121088	@IanJaeger29 I just got over some premium flu.  Covid test was negative but it was certainly of Covid quality.  My lungs are still noisy.	11/20/24 0:23	FALSE	Positive
1859474652474782141	365257172	@MTGrepp I’m un Jabbed  ( I refuse to call it a vax) I’ve been sick with a flu once in the last 4 years. About a year ago. Down for two or three days. The PCR test is BS so I’ve never participated in the fraud.	11/21/24 5:51	FALSE	Positive
1860000314562347520	1293189062623399936	"@MTGrepp I had “covid” once.  (It was actually the flu) but since the flu is also a coronavirus, I tested positive for “Covid”"	11/22/24 16:40	FALSE	Positive
1853307698168910139	194903357	@JDMForever143 He's doing well! I'm still a little under the weather but am feeling better. I been going nuts with warming up chicken broth because it's been helping. Tested the other day to see if I had covid but it tested negative so it's just a flu. I'm sure I'll be better in a couple of… https://t.co/ab4J3gufdH	11/4/24 5:26	FALSE	Positive
1859384168704086402	1545512675551199240	@nudawaya @ThrillaRilla369 I tested positive for both all 6 times so I honestly think I had the flu.	11/20/24 23:51	FALSE	Positive
1864189502492733840	1799604091506569216	"@krassenstein Solatas lab came out with the real covid test, all the ones before their test was originated and patented, also popped positive for covid from the common cold and the flu that's fact. I know I have ppl who work for them and labCorp, and solstas won on devolping the test."	12/4/24 6:06	FALSE	Positive
1860477475043627305	253505350	"@NotAbot137 @BusyDrT I haven't been to the doctors for 15 years. I was vaccinated. Mainly because i was not allowed to return to work without it however i am fine, was fine, have been fine, no problems. Even tested positive once, nothing but a mild flu.Why are you worried about being vaccinated?"	11/24/24 0:16	FALSE	Positive
1863828489264418968	173562303	"@MannySinghBal @NateSilver538 What about getting sick only once in the last 5 years(2020), being tested(twice) and the tests being negative(doc said it was the flu)...don't  you understand.I have never had COVID. I have never worn a mask since March 2020.Masks don't work. Believe the Science."	12/3/24 6:11	FALSE	Positive
1859472033509232979	82828180	"@ThrillaRilla369 I’ve answered a couple of these today. I tested positive once, but maybe had it twice. I couldn’t tell if it was Covid or the flu the second time. I still went to work and neither time was that bad so I really don’t know."	11/21/24 5:40	FALSE	Positive
1859347484142968979	1812271541985402881	"@iAnonPatriot Never I thought I had it, tested negative and they said it was the normal flu I was the one of 100 that year"	11/20/24 21:25	FALSE	Positive
1860921695004917979	115916559	"Tested positive for flu yesterday 😩 2 nights ago, had the worst cough, congestion, sore throat, headache, body pains. Today I feel better. Was able to sleep the night and cough and sore throat is resolving. Being sick while pregnant sucks. Praying little one is okay 🙏🏻"	11/25/24 5:41	TRUE	Positive
1862973964944802165	1398249033781628929	"@stevebr94206122 @thecovidslayer Someone once said that to me after I had flu.  I  collapsed&amp;admitted 2hospital. Where they diagnosed an enlarged heart/a multitude  of complex arrhythmias/3 leaking heart valves/severe heart failure=dilated cardiomyopathy, yet I was super-fit, athletic/slim/healthy!"	11/30/24 21:36	FALSE	Positive
1864405531663679834	949932431368511488	"@Leedsleeds66 @thecoastguy I had the flu, Covid test showed negative. I had Covid, Covid test showed positive. Not any more serious than flu, but def something different"	12/4/24 20:24	FALSE	Positive
1859300830949577073	1586093662429224963	"@ThrillaRilla369 Twice. Felt like the flu but my company made me get tested and results were positive. Still, just seemed no different than the seasonal flu"	11/20/24 18:20	FALSE	Positive
1858699378695041073	3168445909	@Jikkyleaks @DonnaGay8989 @DocAhmadMalik Five years ago this month a strange flu was circulating. I was a medic at the time and got it too. When the hysteria began a few months later I asked my quack for an antibody test. Not allowed!	11/19/24 2:30	FALSE	Positive
1857610861256261982	1358450982	"@ChaddingtonSC Awww, thank you.   I caught the flu last year.  I think I know who I got it from because as I was placing a blood pressure cuff, a flu+ pt coughed into my eyes.  Ugh.  ~4 days later I passed out at the clinic.  I hazmat up before I swab a pt’s throat (got spit on only once.)😷🤓"	11/16/24 2:25	FALSE	Positive
1864681937677213982	1581090056609079301	@cybervbs i first listened to beyond the way while incredibly sick with the flu and i literally did not comprehend it. also leger that day they sent me to the hospital to be tested for pneumonia So	12/5/24 14:43	FALSE	Positive
1860034969516781755	1418783231189655561	imagine having bird flu and then also testing positive for shit like covid and rsv at the same time lol we’re so bad at having a society	11/22/24 18:57	FALSE	Positive
1857279595361231262	298593666	"@WhoDatVol Meanwhile I never got the jab and got it two times. First time I didn’t even know, second time I thought I was dying (I had the flu) they wouldn’t test me for Flu. Only Covid lol"	11/15/24 4:28	TRUE	Positive
1859347473027957046	182690798	@iAnonPatriot 1 but it wasn’t Covid it was the flu but called it Covid with fake tests	11/20/24 21:25	FALSE	Positive
1858902100211614046	1673824455771004929	tested positive for flu B ok what if i kms	11/19/24 15:56	TRUE	Positive
1859745172495663524	1751716371707121664	@MTGrepp Never!!! I've had the common flu and colds that I have gotten almost every year since I was born but never tested positive for COVID.	11/21/24 23:46	FALSE	Positive
1859440778034151891	1714503072943403008	"@KAGdrogo @Joshua32862480 My whole family and coworkers got that bad virus in 2017. Lost of smell, taste, and a really bad cough. I thought my rib broke. My mom lost hearing on one ear that year. Like they were testing something. But the doctor told us all, it is a bad flu. 2020 was mild in comparison."	11/21/24 3:36	FALSE	Positive
1855075879548031164	1656521966	"@redpillb0t Yes, and proud of it... Oh... did I mention I had the flu in 2020, must have been covid, as there was no flu that year, anyway, no tests or treatments, and not a sneeze since... just sayin'... working at bodily immunity really does pay off... but at 72, what do I know..."	11/9/24 2:32	FALSE	Positive
1855428868464640138	1821611133360328705	"ive had cancer scares before, and probably will have more until i stop growing and maybe afterive taken state tests while having the flu, and ppl assumed i was being draumaticits not always visible, so stop acting like it is and believe when people are in pain."	11/10/24 1:54	FALSE	Positive
1862246597255409804	281767248	@justine_mw @rcmpgrcpolice Was so looking forward to today but have had flu all week so had to miss! It looked a great day! So many positive twitter posts!	11/28/24 21:26	FALSE	Positive
1859269350840037386	409342008	"@iAnonPatriot Zero. Nada. Doctor told me the one time I did get sick in early 2022 was Influenza A, after I had been exposed to 3 coworkers who were “tested positive for Covid™️”Fever broke within 24 hours of Vitamin C IV drip."	11/20/24 16:15	FALSE	Positive
1855076575311806847	360612198	@redpillb0t Zero test zero jabs. 1 very bad flu but all good otherwise.	11/9/24 2:34	FALSE	Positive
1859619151083385130	468186402	Bro they did not wanna let me get my phone yesterday because I was under the suspicion of doing drugs when in reality I have the flu 😭 I had to go to the hospital to prove them mfs wrong and they made do a piss test this shit so fried December 31st hurry tf up!	11/21/24 15:25	FALSE	Positive
1859390467604984130	1179073276372537345	@iAnonPatriot Had some flu like mild symptoms and  tested positive. Tested out of curiosity actually. Never tested again and that's the only time I got a little sick since 2019.	11/21/24 0:16	FALSE	Positive
1859667533290406093	1673483703958351873	"@iAnonPatriot Twice. Before the vaccinations even came out. First time I didn’t even notice it, but work had mandatory daily testing. The second time was like the worst flu I’ve ever had, but not for one second did I feel my life was in danger."	11/21/24 18:37	FALSE	Positive
1864107106238124093	1735981367773859840	@DrNeilStone Had an influenza shot many years ago before going on a holiday. Got sick as shit and was searching the streets of Oslo to find a doctor. He diagnosed me with . . . influenza. Never had influenza since or even before. Not a good advertisement for this shit is it?	12/4/24 0:39	FALSE	Positive
1859480903355072753	741086207212281857	"@KAGdrogo I tested positive for both, one time Covid one time the flu same exact symptoms"	11/21/24 6:16	FALSE	Positive
1858543397419573753	1152493320	"@AlexBerenson Zero jabs. And I have been sick once in the past four years but tested positive for Flu B last year. Interestingly, they didn’t even test for Covid. So no jabs and no Covid. And I’m 68."	11/18/24 16:10	TRUE	Positive
1859493801636790341	2326192274	"@MTGrepp I'm unvaccinated, thankfully! I did get sick with the flu during the omicrom scare and did a drive-by nasal swab test at KP. Took 9 days to get the results.  I already felt good for a week at that point."	11/21/24 7:07	FALSE	Positive
1859311583467565341	1857827717930168321	"@iAnonPatriot Zero, exposed to people with COVID 3 times, only caught a really bad flu that made me go see a doctor, they tested me for COVID but was negative"	11/20/24 19:03	FALSE	Positive
1864089438910894591	228056145	"@itsreallynique_ I have the flu, and now the girls have a fever. Go test."	12/3/24 23:28	FALSE	Positive
1864047612011098591	976841570912751617	@The_Cali2 covid test cheythappol negative ആണ്..normal flu ആണെന്നാണ് പറഞ്ഞത്.. vaccine എടുത്ത കൊണ്ടാവും അധികം escalate ആവാത്തത്..	12/3/24 20:42	FALSE	Positive
1859595249225552344	1849877843209019392	"@MTGrepp I had it once and I only know that because I went for cold medicine and they insisted I test for Covid. It was the flu, felt like the flu and I treated as such."	11/21/24 13:50	FALSE	Positive
1859275225134682412	2901503943	"@iAnonPatriot Once before it started. It lasted about a week. Felt like the flu, and then a year later. Same thing, but worse. Still felt like the flu. And that's it. Honestly probably the flu. And I might have had a small cold and I did test positive I think. Not even sure."	11/20/24 16:38	FALSE	Positive
1859272116602081293	1731440859902509056	@iAnonPatriot During the height of covid I had a flu. I was not going to go in and be tested because I didn't want the vaccine. Treated it like any other flu rest fluids ibuprofen back to work in 3 days.	11/20/24 16:26	FALSE	Positive
1859587959801905462	311187342	"@iAnonPatriot None that I know of. Had a brief cold, got better, then tested positive for influenza last year. No COVID."	11/21/24 13:21	TRUE	Positive
1857374431741403392	1103527724	@ldentity_fraud of tests though and made sure to give me the proper medication (and some potent one bc of the state I already was in) yesterday which I started taking right away after having dinner. Flu with complications was far far worse for me than COVID. I am/was having a horrible experience	11/15/24 10:45	FALSE	Positive
1861813094680502392	572207519	"@RobSchneider ""Covid "" was BS from day 1. If it started in 2020, why in 2018 was i sick with what the doctor diagnosed as the FLU???? Same exact symptoms, no taste or smell,rashes &amp; basically felt horrible for a week. I ended up getting jabbed twice. Wished i caught on sooner"	11/27/24 16:43	TRUE	Positive
1857392690939478405	2431734193	I'm O-neg.  I was diagnosed with both H1N1 and H7N9 and have since experienced conditions worst than those I was clinically treated for.  Every year I experience new symptoms in a continuum of gummy flu like symptoms getting sticker and harder to spit.  @WHO	11/15/24 11:58	FALSE	Positive
1861159708272255405	90223556	"Ok so Covid test came back negative. So it’s just regular flu, how lame."	11/25/24 21:27	FALSE	Positive
1859393071818977456	1770827666012172288	@ThrillaRilla369 I had the flu. I wouldn’t get tested to tell me it was  “Covid”!	11/21/24 0:27	FALSE	Positive
1859278710509273456	4239517154	"@iAnonPatriot Well I've had an influenza of some sort....why in the world would I allow anybody to ""test me?"""	11/20/24 16:52	FALSE	Positive
1857651454321873260	1668506580931973120	"Urgent care visit was needed, they tested negative for Sars, positive for influenza A. Had bleeding conjunctivitis."	11/16/24 5:06	TRUE	Positive
1864640002333745260	1841482521155973120	"@EnglandVixxie7 @Keir_Starmer No, I've got Covid. I've had the flu.  I do know the difference between coronavirus and influenza. I took a test because I work with vulnerable people, whom I don't want kill! I'm not trying to justify having it, nor will I need vaccination or mental health support. Please take… https://t.co/G9uHfnkdFm"	12/5/24 11:56	FALSE	Positive
1865141018414219303	1516915940759203840	@Sweetipips101 @sexysoultribe Thank you!  It hit me when I had the flu and my Doctor did tests and they are trying to push me to induce and my baby girl has been fine too!  My blood pressure was high because I had just fought the flu in like two days and the ringworm came right in after.	12/6/24 21:07	FALSE	Positive
1859563656226226614	3247138324	"@ThrillaRilla369 I've been sick and tested positive twice.  Honestly, it felt like flu to me."	11/21/24 11:44	FALSE	Positive
1862537112782086648	15174247	Update: COVID was a false positive. Turned out to be Flu A.Fortunately we caught it at the last minute and Tamiflu is now being distributed like candy.	11/29/24 16:40	FALSE	Positive
1859817914490290327	1303703812897738755	"@MTGrepp Once. Ivermectin cured me in 3 days. Felt like the flu, but I did test positive. If that means anything. Made me a believer, now I always have  Ivermectin handy ."	11/22/24 4:35	FALSE	Positive
1863978013274050958	1534954279508877315	"@ExiledOnare ""I.. was.. testing.. to see.."" She spoke slowly as she obviously tried to lie. She was never good at coming up with them quick and always spoke slowly when lying.""...if..I.. had the flu..and.. I do.."""	12/3/24 16:06	FALSE	Positive
1858621840538656909	1764123104761008128	@wildlongocean ive had the flu and missed like 4 tests 😭😭	11/18/24 21:22	FALSE	Positive
1859702059047809275	1672117482612748288	"@MTGrepp Never. I have been sick two times since 2020. Both times, the flu. However, I would never ever take a Covid test because they are fake!"	11/21/24 20:54	FALSE	Positive
1856372480891294136	1254953620174503951	I’m positive for the Flu 😰 $1 = 1 hug ☺️ cashapp: $KarlieBrooks	11/12/24 16:24	TRUE	Positive
1864032899713953814	1639644725941501954	"@SonofManwithus Every 6m and each of the vac and done the double blind tests.I just got the flu, c19 and RV vax!The 99.7% is across the community the % of injuries are to oldsters and preconditioned!"	12/3/24 19:44	FALSE	Positive
1862737150208356705	1337022611319107586	"@realdiamonss Me since Tuesday, went to the ER positive for Flu A 🤧😷"	11/30/24 5:55	TRUE	Positive
1859651598961738016	1854685230202077186	@naomirwolf I wouldn’t know I don’t use the fake test.. I’ve had the flu and so hasn’t everyone else who claims convid..	11/21/24 17:34	FALSE	Positive
1859598259339116635	835467582295670785	"@MTGrepp Had a flu and couple of colds, no PCR testing and no vaccine which I’m glad about - heart goes out to the vaccine injured big time"	11/21/24 14:02	FALSE	Positive
1859694823772651889	1487644703579250688	"@ballplayer182 @naomirwolf Well, the test was positive, and it was the most bizarre flu I'd ever had."	11/21/24 20:26	FALSE	Positive
1859395821114175889	1823175250156371968	@iAnonPatriot Critical care respiratory therapist. Received religious exemption. Soli Deo Gloria. Think i had it in early Oct 2020. Bad flu for about 2 weeks.Had to test weekly at work. 3 positives. Each required two follow up negative pcrs to return to work. All 6 were negative.	11/21/24 0:38	FALSE	Positive
1859497397715599730	37560632	"@iAnonPatriot Never tested never injected, got bad flu winter of 2020. That’s all"	11/21/24 7:21	FALSE	Positive
1858232318097252654	1594570358379937794	"@9mm_smg unvaxxed, not sure I ever got covid cause I never tested, but I had a flu one year that wasn't bad.  Unvaxxed friend died after they put her on a ventilator."	11/17/24 19:34	FALSE	Positive
1863410536492253401	1731375860425641984	@Martyupnorth_2 Valentines Day 2018I was cooking...my body temp was critical.  I had to be packed in ice to keep my temp down.   Seizures and Strokes.  The common flu caused a near fatal flare of my to be diagnosed Vasculitis Lucky to still be walking and talking	12/2/24 2:31	FALSE	Positive
1859446769899237604	1630732927339225089	"@iAnonPatriot I've gotten the flu twice, since 2019They called it covid when I got tested ONE TIME,(never again).But, it's the flu, and early treatment is key, just like it's always been."	11/21/24 4:00	FALSE	Positive
1860438427671347253	1664699467033985025	"@Liz_Wheeler Never wore a mask , took a test , dam sure didn't take the jab ! The only time I've ever had the flu was from being around someone who'd gotten the shot and was shedding ! It was type A they were jabbing for that year and that's the strain I got.Vxnes are a CAUSE - not a cure"	11/23/24 21:41	FALSE	Positive
1857841115359227966	1666164054841507840	"@ProfChocCaXe @toobaffled I had the usual annual flu (which I don't always catch) &amp; my employer insisted I get ""swabbed""...naturally the result was positive for SARS Co Veedee 2.  I didn't feel that bad, dull headache &amp; aches for a couple days, took nothing, it was gone by day 3 &amp; I got a paid vacation🤣"	11/16/24 17:40	FALSE	Positive
1859789822510104837	440153711	I’ve felt like garbage all week and have been on my death bed today so I took a flu test. Positive. I’m absolutely gutted that I’m probably going to miss my kids’ first game in The Swamp this weekend 😭 😭 😭	11/22/24 2:43	FALSE	Positive
1856354040533463063	1593443218745872386	"@RivalDarkSide In March, 1990, after just starting a new job, I got sick, pretty sure I was dying. 104 fever, by the time we got to hospital, I couldn’t sit up, hurt to move Diagnosis, Influenza A, the Spanish flu. Go home sleep and fluids was the cure. Never been sick since. That was my vax!!"	11/12/24 15:11	FALSE	Positive
1859618193867731041	1541827642302889985	@MTGrepp Literally never. I got The flu however but was negative for covid	11/21/24 15:21	FALSE	Positive
1859535383412761066	1518688326529826816	"@MTGrepp I'm NOT vaccinated, I had the flu once during ""Covid"", the only reason I knew it was what they were calling ""Covid"" was because the hospital that I go to made me take their test in order to be seen (for something totally unrelated)."	11/21/24 9:52	FALSE	Positive
1857634737403126066	1439199905680089090	Doctor said I’m the first person she’s ever seen test positive for the Flu after getting their Flu shot. I believe I’m cursed	11/16/24 4:00	TRUE	Positive
1859839492267647458	913692168	"@naomirwolf Well, I had the flu once!  I don’t know if you could call it Covid though.  How would anyone know, if the PCR tests were so inaccurate anyway?  Never had one of those either!  It was all fake, and the hype wasn’t about a virus, it was about capturing everyone!"	11/22/24 6:01	FALSE	Positive
1859559559540400458	14074119	@iAnonPatriot What’s first get something straight the PCR test at best is 68% accurate and it cannot differentiate in between Covid the common cold or the flu so that being said I had the flu once I felt like crap for a couple days I never got tested with a PCR test and never will	11/21/24 11:28	FALSE	Positive
1859393280246444458	1748483841939943424	"@ThrillaRilla369 Had flu 3 times, pcr test said it was covid. It was flu. I just vaped a little more and it went away before I could buy the safest cheapest best medicine for virus, ivermectin !"	11/21/24 0:27	FALSE	Positive
1859269527613174010	1225016442170544133	@iAnonPatriot Well I got sick took an at home test it said positive but I think it was just the flu. But it I’ll give it credit and say once.	11/20/24 16:16	FALSE	Positive
1859457994569793751	1134243064346828800	"@iAnonPatriot Never tested positive for it. Coulda swore I had it about 3-4 times but tested negative for covid, and positive for flu."	11/21/24 4:45	TRUE	Positive
1859298991889944751	971056963533639680	"@iAnonPatriot I had the flu once. Detoxication of the body, but of course that would have counted as covid if I had taken a test. (Which of course I did not)"	11/20/24 18:13	FALSE	Positive
1859692704625766767	1345835118137647104	@ShaunRickard67 @ryangerritsen The only way a person especially unvaccinated thinks they have covid is cuz they tested. I'm unvaccinated had the flu in April 2022 got over it as normal knew it was the flu cuz I never tested with their fucked up test kits	11/21/24 20:17	FALSE	Positive
1859352063777571015	1387115415893995521	"@iAnonPatriot I was sick and tested positive one time.  It was a pretty unique flu.  I don't know if covid is actually real but something was making some people very ill.  I also like to mention that my very first symptom was extreme digestive upset - vomiting, nausea.....which led me to… https://t.co/CrKTW4PU4t"	11/20/24 21:44	FALSE	Positive
1862506941626392790	1831358425676079104	"@goddeketal Never even tested!! Common flu, still here and kickin! How could it be"	11/29/24 14:40	FALSE	Positive
1853724059319590965	1481501560899309568	"@bukkyemmans @Boluwatifecutie This is terrible. I had flu last month and I was referred to A &amp; E by my gp. My temperature was off the roof as I had cough, restlessness and weakness… I was immediately given paracetamol, drips, series of tests was done(blood test,X-ray ,ecg) I wasn’t let go till night (1)"	11/5/24 9:00	FALSE	Positive
1861930183751594477	1167586559262171149	@Motherofrebels_ I went last Thursday 😭 and was diagnosed with the flu but I was too far out to get Tamiflu. I’ve been taking Robitussin but now I’m wondering if I need something else 😭	11/28/24 0:28	TRUE	Positive
1859728982943596668	3308007361	"@JeckovKanani I had 1 Vax shot in order to work so I could live. I got very sick (flu), a yr later, for 1 day. According to the nose swab, the day before, I was OK. Lol. SCAMDEMIC!!"	11/21/24 22:41	FALSE	Positive
1859379425495708088	1518943747307880451	"@AntonioSabatoJr I can say I got the flu, can't say if it was Covid or not since they've never been able to tell the difference from any flu or Covid. The tests are for corona viruses which are any cold or flu."	11/20/24 23:32	FALSE	Positive
1859266537015714008	1598835026304573442	@iAnonPatriot None.  Never tested either.  I’ve gotten a cold a few times and the flu once .	11/20/24 16:04	FALSE	Positive
1859475935000723777	1707910634648797184	"@MTGrepp @liz_churchill10 Had the flu right at start.   I didn't test for ""covid"".   Not been sick since.  My husband lost his sense of smell at the same time but wasn't ill. No test for him either."	11/21/24 5:56	FALSE	Positive
1861462920959283384	1019420685867745281	"@BuzzPatterson Lost my sense of taste and smell but negative covid test. Idk. It wasn't a bad flu, but I did shuffle around like an old lady. Welcome to the lingering cough phase."	11/26/24 17:31	FALSE	Positive
1855930966339998161	1697612880747827200	@ayanohere sm tests this sem and i slept through the whole week thanks to influenza 😭	11/11/24 11:09	FALSE	Positive
1856462203299475975	572207519	"@RobSchneider This will be lengthy. It's how i know Covid was bullshit. In 2018 i was very sick with a flu bug. I had THE EXACT symptoms of their ""covid"". No taste or smell. It was wicked. Knocked me down for a week. Went to the doctor &amp; was diagnosed with the FLU. 2 years later,"	11/12/24 22:20	TRUE	Positive
1859463949650907413	1347078544069947397	"@iAnonPatriot Twice, supposedly, if you can trust the cheap Walmart nose swabs.  No big deal….a very mild flu."	11/21/24 5:08	FALSE	Positive
1859278432099811650	1736873512248410112	"@iAnonPatriot 0 times, I got the flu though once or twice. And it was diagnosed as the Flu"	11/20/24 16:51	TRUE	Positive
1862535373055996290	15174247	@whinyunderscore Lucira and CorDx. Ran some more tests and Flu Group A won out. Tamiflu was effective overnight. CorDx always tested negative. Lucira false positived on COVID. Fortunately I had several Luciras and they found consensus on Flu A.	11/29/24 16:33	FALSE	Positive
1855901917760676113	1602124503621869568	"@1Nicdar No vaccines.  Tested positive once.  Sick for two days, just like any flu I ever caught. I never would have tested if they didn't force me. I would have worked, but they had to pay me for a week off for the flu.  🖕🫵"	11/11/24 9:14	FALSE	Positive
1859562704257581113	1781519514972151808	@iAnonPatriot Once in August of 2021. Didn’t test but coworkers all tested positive. Lost sense of taste and smell so assumed I had it as well. Was prescribed hydroxy…I’ve had worse symptoms from the flu in the past	11/21/24 11:41	FALSE	Positive
1859906446517047454	14452956	@naomirwolf No vaxx. Thinking had covid before it was identified as such. Diagnosed as extreme case of the flu.	11/22/24 10:27	FALSE	Positive
1860094251591434501	2377143224	@SonofManwithus The covid test said I had it... But it was a simple and stupid flu 😎	11/22/24 22:53	FALSE	Positive
1859307167062622501	1025387596783017986	"@ThrillaRilla369 two, apparentlyfirst time was actually a bit tough, second one a light flu (but tested positive)"	11/20/24 18:45	FALSE	Positive
1863670958331920501	1283567059918557185	Make dua for me everyone I caught an ear infection from my cute nephew and then caught the flu (tested negative for COVID) now I’m headed to the urgent care because my sister is sure it’s become a viral infection or strep (cant swallow and have a pink eye)	12/2/24 19:45	FALSE	Positive
1854570298776928448	741472646555041795	"they said they think it is just the normal flu, I doubt that shit. i more than likely have covid again and the government is too lazy to test for it"	11/7/24 17:03	FALSE	Positive
1854264396136018429	1826010680002072576	"@CarrieCnh12 @Imani_Barbarin Agreed. I remember when “it’s like the flu” was primarily a far-right sentiment - fast forward to last month when I tested positive, was encouraged almost immediately to return to work (while positive, ‘just use common sense’ they said) and hearing the flu comment before anything"	11/6/24 20:47	FALSE	Positive
1859502072380453157	295291851	"@iAnonPatriot Just the normal flu for me, one time was positive and had zero symptoms. Took 7 days off binge watching movies"	11/21/24 7:40	FALSE	Positive
1859290863240872258	865038028116381697	"@iAnonPatriot Had the flu once since 2019, never vaxxed never tested. Taking ivermectin once a week."	11/20/24 17:41	FALSE	Positive
1859540329210290385	2723954565	"@MTGrepp @TwinTowerCity Never, because it's a scam! I had the flu one time and then got tested positive, but the tests are the main cause for the scam, so no! Not once."	11/21/24 10:12	FALSE	Positive
1856401369491812547	903471985950310400	accidentally bought the covid tests that also check for the flu and guess who has flu type b🔥🔥🔥	11/12/24 18:19	FALSE	Positive
1855990123793682547	608172550	"Buat business full time ni lain betul dgn kerja makan gaji. Harini positive influenza, masih bekerja mcm biasa. Takda istilah nak MC. Kalau dulu kerja kilang, mmg MC 4 hari dah aku rasa."	11/11/24 15:05	FALSE	Positive
1859692762775650547	405489238	"@MTGrepp Once I think, never got tested.  It was just a bad flu that took a little longer to get the energy back."	11/21/24 20:18	FALSE	Positive
1859706378241311100	3180571770	@JamieGavin20 @jamiemcintyre21 Just wondering? Do you realise most people have never had actual influenza.Most people call a bad common cold 'the flu'. Body aches &amp; headaches are common symptoms of Influenza. I have had influenza &amp; felt this.My positive PCR told me I had covid..... Yet not 1 'symptom'.	11/21/24 21:12	FALSE	Positive
1858660759527420100	25177901	@clitlord77 Came back from a trip to NYC in early Oct and had a fever and cough and was told I tested for the flu. The flu??? In Oct??? Wtf? I didn’t even have time to get the flu shot!	11/18/24 23:57	TRUE	Positive
1856389848594296875	193298635	"@princesspandy87 It’s the flu.I tested for Covid. It’s negative. Fever, body aches, sad tummy and upper respiratory nonsense.This is the flu. I recognize this bitch 😂😂😂😂😂"	11/12/24 17:33	FALSE	Positive
1860312218673225875	81831367	Thank you for the messages of support whilst being ill (flu) and struggling with my addictions (opioids/alcohol).I am feeling a bit better - so still positive thoughts and prayer please. #RecoveryPosse #odaat #BeKind	11/23/24 13:19	FALSE	Positive
1859303251579134414	1520249687260999682	@iAnonPatriot Twice confirmed by tests. Only flu type sick once. No meds to treat.	11/20/24 18:30	FALSE	Positive
1859290760492757351	1597387697177432069	@iAnonPatriot I never had a Covid test. But I’ve had a few colds and the flu.	11/20/24 17:40	FALSE	Positive
1859361326423830718	1815044753580527616	@iAnonPatriot I am old fat and have severe cardiac issues. I believe I have had it four times but I only confirmed once. The first time it was like bad flu with severe body aches the other three times were similar to the common cold.Does anyone remember how there was no flu diagnosed in 2020?	11/20/24 22:21	FALSE	Positive
1858617255048654973	1400656114287534086	@jaxmahinahoku @CoastalK8 You get exposed and infected with far more illnesses than you ever show symptoms of if you have a healthy immune system. I've texted positive for influenza A before when I had no symptoms. I'm assuming like a normal person you get a minor cough or feel achy for a few hours and… https://t.co/8bZjkfKc9d	11/18/24 21:04	TRUE	Positive
1860094807420600563	1170164386675036160	"@SonofManwithus Yup, never tested.   I had the flu a couple of times, depending on the context, I'll sometimes say it was convid, just like they did."	11/22/24 22:55	FALSE	Positive
1859349575942930563	1282655329143013382	@iAnonPatriot I got the flu a couple of times never even tried getting tested dor the sht	11/20/24 21:34	FALSE	Positive
1858909611991953563	893298637953843200	Haven’t had the flu in years. Tested positive for it yesterday. I’m in shambles.	11/19/24 16:26	FALSE	Positive
1859310586766688391	1561742288778248192	@iAnonPatriot Never!  Had the flu once in 2021.  Never got tested for a fake virus.	11/20/24 18:59	FALSE	Positive
1859339258718224805	21651653	"@iAnonPatriot No idea, I don't, and never will take any tests to see if I have 'it', because it's flu, Covid is the name they gave it to scare you sh1tless. Had the flu (Covid's proper name) 6 mths ago, took Alicin for a couple of days and it went. Garlic rocks :)"	11/20/24 20:53	FALSE	Positive
1859570140335182244	802125738526720000	"@Logically_JC Just got both flu and boosted for the 7th time. Sore arms &amp; I swear if you tested my DNA, it would spell M O D E R N A"	11/21/24 12:10	FALSE	Positive
1859254008986112244	1598656459465687040	"@iAnonPatriot Dunno, only tested myself once as Hubby was being such a sook while I carried on as usual. Just had to prove to him I also had the flu so I could shut up his whinging and carrying on like he was dying and tell him to harden the fork up. 😂"	11/20/24 15:14	FALSE	Positive
1859258280419401800	1722947888379269120	"@iAnonPatriot I have had 3 flu episodes and 1 severe respiratory illness since March 2019. I worked covid testing sites in los Angeles and I survived cancer. No vaccine. Just rest, chicken soup, juice and over the counter symptom relief. My family is blessed. Kids it lasted only a  few days"	11/20/24 15:31	FALSE	Positive
1859371717061136540	1564208390959767552	@iAnonPatriot Don't know. Never took a test. I've had the flu a couple times since Jan. 2020.	11/20/24 23:02	FALSE	Positive
1859253370407498112	823743711574192128	@iAnonPatriot I've had the flu twice since the lockdowns. Weird how Covid seems to go away when you don't test for it constantly. Especially since the test shows positive on even dead broken virus components.	11/20/24 15:12	FALSE	Positive
1859784920127897606	438940828	"@ryangerritsen I have taken no covid 'vaccine' shot, and I once got a flu (not particularly bad) and tested positive via PCR."	11/22/24 2:24	FALSE	Positive
1859768554083713544	1520134592505679872	@MTGrepp One time. Like the flu. Tested positive 2 other times with no symptoms because work forced us to test.	11/22/24 1:19	FALSE	Positive
1859358957090779544	79845875	"@iAnonPatriot No Vax, and I tested positive once. I will admit it wasn't fun, but no worse than previous bouts with the flu. BTW, I don't get yearly flu shots either."	11/20/24 22:11	FALSE	Positive
1859245788670382361	37374953	"@iAnonPatriot Once, and based on PCR Test. Very light flu for 2 days."	11/20/24 14:41	FALSE	Positive
1853161086641721521	1656057292247408640	"@Inversionism I took one test, when I came down with the ""Fouci Flu,"" Christmas 2021. It was positive &amp; Delta was circulating in my area at that time.  Never took another test &amp; never took the shot either....One test &amp; one dance with the Chimeric Lab Creation was enough! ; ))"	11/3/24 19:43	FALSE	Positive
1856274875540771122	1112794874	@1Nicdar I had the flu.. They cooked the books with testing!	11/12/24 9:56	FALSE	Positive
1859547379365503094	19809652	"@joerogan let's be clear, COVID was NOT a bad flu, I'm not convinced it existed outside of computational models. Never saw one person sick and never got sick myself. Only untrustworthy COVID tests that said someone was positive with no symptoms. You had the flu."	11/21/24 10:40	FALSE	Positive
1860562399511675094	23248171	@TheChiefNerd In 2007 I was traveling a lot for work and was diagnosed with bird flu. I was on home oxygen for 3 months and couldn’t leave the house. The doctor or prescribed this and I took it for well over 2 years.	11/24/24 5:53	FALSE	Positive
1860002628668907734	1457458770020159492	@MTGrepp Never been tested but I’ve had the Flu.	11/22/24 16:49	FALSE	Positive
1859307525969150174	1356275315283255305	"@iAnonPatriot Once for sure, in April 2021, flu-ish for 4 days, smell and taste took 3 weeks to comeback, otherwise fine. I tested positive for flu B in December 2019 and was down for week and felt like I’d been hit by a truck. Maybe it was Covid before we knew."	11/20/24 18:47	TRUE	Positive
1859914085179265032	81831367	Really struggling today with my addiction recovery (opioids/alcohol) - having the flu does not help.So please send positive thoughts and pray.#RecoveryPosse #odaat #BeKindAlways #positivity	11/22/24 10:57	FALSE	Positive
1859268074354131365	560880022	"@iAnonPatriot This last month my husband and I both caught a flu, it has been a lot of coughing and congestion, but no fever or body aches.. never have gotten tested to find out if I’m sick. I just know I’ve been sick with the flu."	11/20/24 16:10	FALSE	Positive
1859322944553452020	33999829	@iAnonPatriot Once. &amp; I don't believe it was Covid per the diagnosis. Pretty sure it was the flu	11/20/24 19:48	FALSE	Positive
1857743217753546964	1733159621202747392	"So last night's stream went well, all things considered. I know I left in a hurry because I was having trouble breathing. No, I do not have Covid. I took a home test and it came back negative so it's just the flu"	11/16/24 11:11	FALSE	Positive
1859538601572184132	46473834	"@miepjev Twice, first time before it became a thing (was a weird flu, lasted a week) and second time tested positive at home and was feverish for 3 days. Only tested to prevent my collegues from getting ill (elderly care center)."	11/21/24 10:05	FALSE	Positive
1859279099606274132	1521864201299542016	"@iAnonPatriot I'm unvaccinated,Never had a COVID test, never got COVID.Had flu once or twice a year since 2020 but nothing serious, I just thought it was seasonal change.Haven't been to a doctor since 2020, I'm less sick now than when I frequented doctors.The irony."	11/20/24 16:54	FALSE	Positive
1859458931799855215	1493428873521885184	@AngelaBelcamino Unvaccinated.  Had it twice.  Sick a total of 36hrs mild flu symptoms the first time.  Second time I wouldn't of even known I had it if I didn't have to test for work everyday.  Worked as much if not more during Covid.	11/21/24 4:48	FALSE	Positive
1865060058171588900	836095916092317696	"Ended up getting a bad flu or some form of Covid. Basically been stuck in bed all day since Monday night. Haven’t been this sick in 3-4 years 😅Going to try today to get back on my upload &amp; stream schedule Testing out Warzone, OG Fort, and the New Zombies Map, see ya’ll soon… https://t.co/XsHZPAVC3f"	12/6/24 15:45	FALSE	Positive
1861053820156944611	33065789	"@Bret_Sears I had the flu in April 2020 once, does that count? Or would I have had to get a bogus test to give it a scary name?"	11/25/24 14:26	FALSE	Positive
1859323406337892724	1604131779841085448	"@iAnonPatriot I got the flu four times in the last five years. No shots, tests or doctor. All OTC. Covid is the flu."	11/20/24 19:50	FALSE	Positive